-- Adminer 5.4.0 MySQL 9.4.0 dump

SET NAMES utf8;
SET time_zone = '+00:00';
SET foreign_key_checks = 0;
SET sql_mode = 'NO_AUTO_VALUE_ON_ZERO';

SET NAMES utf8mb4;

DROP TABLE IF EXISTS `contas`;
CREATE TABLE `contas` (
  `id` int NOT NULL AUTO_INCREMENT,
  `nome` varchar(255) CHARACTER SET utf8mb4 COLLATE utf8mb4_general_ci DEFAULT NULL,
  `email` varchar(255) CHARACTER SET utf8mb4 COLLATE utf8mb4_general_ci DEFAULT NULL,
  `casa` varchar(100) CHARACTER SET utf8mb4 COLLATE utf8mb4_general_ci DEFAULT NULL,
  `status` varchar(50) CHARACTER SET utf8mb4 COLLATE utf8mb4_general_ci DEFAULT NULL,
  `valorDepositado` decimal(10,2) DEFAULT NULL,
  `repasse` decimal(10,2) DEFAULT NULL,
  `usuario_id` int NOT NULL,
  PRIMARY KEY (`id`)
) ENGINE=InnoDB DEFAULT CHARSET=utf8mb4 COLLATE=utf8mb4_general_ci;

INSERT INTO `contas` (`id`, `nome`, `email`, `casa`, `status`, `valorDepositado`, `repasse`, `usuario_id`) VALUES
(421,	'RAFIINHHA',	'',	'BETANO',	'Nova',	0.00,	0.00,	2),
(422,	'JAMILE',	'jamilekevi951@gmail.com',	'BETANO',	'Nova',	0.00,	0.00,	2),
(427,	'Phenrique.26061993@gmail.com (BRUNO PB)',	'',	'BETANO',	'limitada',	0.00,	0.00,	2),
(497,	'MICHAEL',	'michael.a.silva2000@gmail.com',	'BET365',	'nova',	0.00,	0.00,	2),
(549,	'JHOW',	'Lucas10sant@gmail.com',	'BET365',	'depositada',	300.00,	20.00,	2),
(550,	'BRUNO PB',	'yuripereira0710@icloud.com',	'BET365',	'limitada',	300.00,	20.00,	2),
(551,	'DANTAS',	'yuripereira0710@icloud.com',	'BET365',	'depositada',	300.00,	20.00,	2),
(552,	'ISARAEL',	'israel.menezes2015@gmail.com',	'BET365',	'depositada',	300.00,	20.00,	2),
(553,	'TETEU',	'israel.menezes2015@gmail.com',	'BET365',	'depositada',	300.00,	20.00,	2),
(557,	'BRUNO PB LZ',	'Lazaro.10rodrigues@icloud.com',	'SUPERBET',	'limitada',	500.00,	20.00,	2),
(558,	'BRUNO PB PH',	'Phenrique.26061993@gmail.com',	'SUPERBET',	'limitada',	500.00,	20.00,	2),
(568,	'VILAO',	'Guilhermevictorgv18@gmail.com',	'BETANO',	'limitada',	1000.00,	20.00,	2),
(569,	'BRUNO PB',	'Wagnysantos758@gmail.com',	'BETANO',	'limitada',	1000.00,	20.00,	2),
(639,	'BRUNO PB',	'Jeeh.hoefler@gmail.com',	'BETANO',	'limitada',	1000.00,	20.00,	2),
(640,	'BRUNO PB',	'tecoitico@gmail.com',	'BETANO',	'limitada',	1000.00,	20.00,	2),
(730,	'BRUNO PB BA',	'barbarabragacst@gmail.com',	'SUPERBET',	'limitada',	500.00,	20.00,	2),
(733,	'Marco 01/09 - Fael',	'faelzera13vj@gmail',	'Bet365',	'Depositada',	300.00,	20.00,	14),
(736,	'Marco 01/09 - Fael',	'Faelzera.13vj@gmail.com',	'Superbet',	'Depositada',	300.00,	20.00,	14),
(737,	'Marco 04/09 - Bruna',	'Brunag_00@gmail.com',	'Betano',	'limitada',	250.00,	20.00,	14),
(741,	'BRUNO PB BA',	'barbarabragacst@gmail.com',	'BET365',	'nova',	300.00,	20.00,	2),
(749,	'BRUNO PB BA',	'Phenrique.26061993@gmail.com',	'BETFAIR',	'limitada',	500.00,	20.00,	2),
(778,	'JOTA',	'jv9608325@gmail.com',	'BET365',	'limitada',	300.00,	20.00,	2),
(779,	'JOTA',	'Levigeovane063@gmail.com',	'BET365',	'limitada',	300.00,	20.00,	2),
(791,	'BRUNO PB',	'Lazaro.10rodrigues@icloud.com',	'BET365',	'limitada',	300.00,	20.00,	2),
(814,	'BRUNO PB S VINI',	'viniciuscavalcante23@icloud.com',	'SUPERBET',	'limitada',	500.00,	20.00,	2),
(817,	'BRUNO PB S NATH',	'nathally_vicente@hotmail.com',	'SUPERBET',	'limitada',	500.00,	20.00,	2),
(839,	'BRUNO B VINI',	'Viniciuscavalcante23@icloud.com',	'BET365',	'depositada',	500.00,	20.00,	2),
(840,	'BRUNO B FABRICIO',	'fabricio.s.nhotmai.com@gmail.com',	'BET365',	'limitada',	600.00,	20.00,	2),
(847,	'BRUNO S NATH',	'',	'SUPERBET',	'limitada',	500.00,	20.00,	2),
(848,	'BRUNO S VINI',	'',	'SUPERBET',	'limitada',	500.00,	20.00,	2);

DROP TABLE IF EXISTS `lancamentos`;
CREATE TABLE `lancamentos` (
  `id` int NOT NULL AUTO_INCREMENT,
  `conta_id` int DEFAULT NULL,
  `tipo` varchar(50) CHARACTER SET utf8mb4 COLLATE utf8mb4_general_ci DEFAULT NULL,
  `valor` decimal(10,2) DEFAULT NULL,
  `descricao` text CHARACTER SET utf8mb4 COLLATE utf8mb4_general_ci,
  `acao` varchar(50) CHARACTER SET utf8mb4 COLLATE utf8mb4_general_ci DEFAULT NULL,
  `data` datetime NOT NULL DEFAULT CURRENT_TIMESTAMP,
  `usuario_id` int NOT NULL,
  PRIMARY KEY (`id`)
) ENGINE=InnoDB DEFAULT CHARSET=utf8mb4 COLLATE=utf8mb4_general_ci;

INSERT INTO `lancamentos` (`id`, `conta_id`, `tipo`, `valor`, `descricao`, `acao`, `data`, `usuario_id`) VALUES
(1981,	550,	'Investimento',	100.00,	'Erro',	'Operação',	'2025-08-26 21:38:59',	2),
(1982,	549,	'Investimento',	100.00,	'Erro',	'Operação',	'2025-08-26 21:38:59',	2),
(1983,	549,	'Retorno',	163.64,	'Erro',	'Operação',	'2025-08-26 21:38:59',	2),
(1984,	550,	'Retorno',	163.64,	'Erro',	'Operação',	'2025-08-26 21:38:59',	2),
(1985,	551,	'Retorno',	163.64,	'Erro',	'Operação',	'2025-08-26 21:38:59',	2),
(1986,	551,	'Investimento',	100.00,	'Erro',	'Operação',	'2025-08-26 21:38:59',	2),
(1987,	552,	'Investimento',	100.00,	'Erro',	'Operação',	'2025-08-26 21:38:59',	2),
(1988,	552,	'Retorno',	163.64,	'Erro',	'Operação',	'2025-08-26 21:38:59',	2),
(1989,	549,	'Retorno',	414.93,	'Duvidosa',	'Operação',	'2025-08-26 21:42:53',	2),
(1990,	552,	'Investimento',	217.65,	'Duvidosa',	'Operação',	'2025-08-26 21:42:53',	2),
(1991,	551,	'Retorno',	252.93,	'Duvidosa',	'Operação',	'2025-08-26 21:42:53',	2),
(1992,	551,	'Investimento',	217.65,	'Duvidosa',	'Operação',	'2025-08-26 21:42:53',	2),
(1993,	550,	'Retorno',	268.79,	'Duvidosa',	'Operação',	'2025-08-26 21:42:53',	2),
(1994,	550,	'Investimento',	229.40,	'Duvidosa',	'Operação',	'2025-08-26 21:42:53',	2),
(1995,	549,	'Investimento',	337.65,	'Duvidosa',	'Operação',	'2025-08-26 21:42:53',	2),
(1996,	552,	'Retorno',	252.93,	'Duvidosa',	'Operação',	'2025-08-26 21:42:53',	2),
(1997,	557,	'Retorno',	1810.00,	'Erro',	'Operação',	'2025-08-26 21:46:56',	2),
(1998,	557,	'Investimento',	500.00,	'Erro',	'Operação',	'2025-08-26 21:46:56',	2),
(2083,	569,	'Investimento',	970.07,	'Erro',	'Operação',	'2025-08-27 21:25:43',	2),
(2084,	569,	'Retorno',	2807.95,	'Erro',	'Operação',	'2025-08-27 21:25:43',	2),
(2085,	558,	'Investimento',	500.00,	'Erro',	'Operação',	'2025-08-27 21:26:19',	2),
(2086,	558,	'Retorno',	1250.00,	'Erro',	'Operação',	'2025-08-27 21:26:19',	2),
(2187,	639,	'Investimento',	634.70,	'Erro',	'Operação',	'2025-08-29 21:30:48',	2),
(2188,	639,	'Retorno',	0.00,	'Erro',	'Operação',	'2025-08-29 21:30:48',	2),
(2191,	549,	'Investimento',	100.00,	'Erro',	'Operação',	'2025-08-29 21:34:35',	2),
(2192,	549,	'Retorno',	275.00,	'Erro',	'Operação',	'2025-08-29 21:34:35',	2),
(2193,	550,	'Investimento',	100.00,	'Erro',	'Operação',	'2025-08-29 21:34:35',	2),
(2194,	550,	'Retorno',	275.00,	'Erro',	'Operação',	'2025-08-29 21:34:35',	2),
(2195,	551,	'Investimento',	100.00,	'Erro',	'Operação',	'2025-08-29 21:34:35',	2),
(2196,	551,	'Retorno',	275.00,	'Erro',	'Operação',	'2025-08-29 21:34:35',	2),
(2197,	552,	'Investimento',	100.00,	'Erro',	'Operação',	'2025-08-29 21:34:35',	2),
(2198,	553,	'Retorno',	275.00,	'Erro',	'Operação',	'2025-08-29 21:34:35',	2),
(2199,	553,	'Investimento',	100.00,	'Erro',	'Operação',	'2025-08-29 21:34:35',	2),
(2200,	552,	'Retorno',	275.00,	'Erro',	'Operação',	'2025-08-29 21:34:35',	2),
(2201,	553,	'Investimento',	50.00,	'Bingo',	'Operação',	'2025-08-29 21:35:03',	2),
(2202,	553,	'Retorno',	0.00,	'Bingo',	'Operação',	'2025-08-29 21:35:03',	2),
(2203,	549,	'Retorno',	0.00,	'Erro',	'Operação',	'2025-08-29 21:35:45',	2),
(2204,	549,	'Investimento',	100.00,	'Erro',	'Operação',	'2025-08-29 21:35:45',	2),
(2205,	550,	'Investimento',	100.00,	'Erro',	'Operação',	'2025-08-29 21:35:45',	2),
(2206,	551,	'Investimento',	100.00,	'Erro',	'Operação',	'2025-08-29 21:35:45',	2),
(2207,	552,	'Investimento',	100.00,	'Erro',	'Operação',	'2025-08-29 21:35:45',	2),
(2208,	550,	'Retorno',	0.00,	'Erro',	'Operação',	'2025-08-29 21:35:45',	2),
(2209,	551,	'Retorno',	0.00,	'Erro',	'Operação',	'2025-08-29 21:35:45',	2),
(2210,	552,	'Retorno',	0.00,	'Erro',	'Operação',	'2025-08-29 21:35:45',	2),
(2211,	553,	'Investimento',	100.00,	'Erro',	'Operação',	'2025-08-29 21:35:45',	2),
(2212,	553,	'Retorno',	0.00,	'Erro',	'Operação',	'2025-08-29 21:35:45',	2),
(2215,	549,	'Investimento',	100.00,	'Duvidosa',	'Operação',	'2025-08-29 21:36:45',	2),
(2216,	549,	'Retorno',	167.05,	'Duvidosa',	'Operação',	'2025-08-29 21:36:45',	2),
(2217,	550,	'Investimento',	100.00,	'Duvidosa',	'Operação',	'2025-08-29 21:36:45',	2),
(2218,	550,	'Retorno',	167.05,	'Duvidosa',	'Operação',	'2025-08-29 21:36:45',	2),
(2219,	551,	'Investimento',	100.00,	'Duvidosa',	'Operação',	'2025-08-29 21:36:45',	2),
(2220,	551,	'Retorno',	167.05,	'Duvidosa',	'Operação',	'2025-08-29 21:36:45',	2),
(2221,	552,	'Retorno',	167.05,	'Duvidosa',	'Operação',	'2025-08-29 21:36:45',	2),
(2222,	552,	'Investimento',	100.00,	'Duvidosa',	'Operação',	'2025-08-29 21:36:45',	2),
(2223,	553,	'Investimento',	100.00,	'Duvidosa',	'Operação',	'2025-08-29 21:36:45',	2),
(2224,	553,	'Retorno',	167.05,	'Duvidosa',	'Operação',	'2025-08-29 21:36:45',	2),
(2225,	549,	'Investimento',	100.00,	'Duvidosa',	'Operação',	'2025-08-29 21:37:39',	2),
(2226,	549,	'Retorno',	77.20,	'Duvidosa',	'Operação',	'2025-08-29 21:37:39',	2),
(2227,	550,	'Investimento',	100.00,	'Duvidosa',	'Operação',	'2025-08-29 21:37:39',	2),
(2228,	550,	'Retorno',	77.20,	'Duvidosa',	'Operação',	'2025-08-29 21:37:39',	2),
(2229,	551,	'Investimento',	100.00,	'Duvidosa',	'Operação',	'2025-08-29 21:37:39',	2),
(2230,	551,	'Retorno',	77.20,	'Duvidosa',	'Operação',	'2025-08-29 21:37:39',	2),
(2231,	552,	'Investimento',	100.00,	'Duvidosa',	'Operação',	'2025-08-29 21:37:39',	2),
(2232,	552,	'Retorno',	77.20,	'Duvidosa',	'Operação',	'2025-08-29 21:37:39',	2),
(2233,	553,	'Investimento',	100.00,	'Duvidosa',	'Operação',	'2025-08-29 21:37:39',	2),
(2234,	553,	'Retorno',	77.20,	'Duvidosa',	'Operação',	'2025-08-29 21:37:39',	2),
(2235,	549,	'Investimento',	100.00,	'Duvidosa',	'Operação',	'2025-08-29 21:38:45',	2),
(2236,	549,	'Retorno',	183.34,	'Duvidosa',	'Operação',	'2025-08-29 21:38:45',	2),
(2237,	550,	'Investimento',	100.00,	'Duvidosa',	'Operação',	'2025-08-29 21:38:45',	2),
(2238,	550,	'Retorno',	183.34,	'Duvidosa',	'Operação',	'2025-08-29 21:38:45',	2),
(2239,	551,	'Investimento',	100.00,	'Duvidosa',	'Operação',	'2025-08-29 21:38:45',	2),
(2240,	551,	'Retorno',	183.34,	'Duvidosa',	'Operação',	'2025-08-29 21:38:45',	2),
(2241,	552,	'Investimento',	100.00,	'Duvidosa',	'Operação',	'2025-08-29 21:38:45',	2),
(2242,	552,	'Retorno',	183.34,	'Duvidosa',	'Operação',	'2025-08-29 21:38:45',	2),
(2243,	553,	'Investimento',	100.00,	'Duvidosa',	'Operação',	'2025-08-29 21:38:45',	2),
(2244,	553,	'Retorno',	183.34,	'Duvidosa',	'Operação',	'2025-08-29 21:38:45',	2),
(2245,	549,	'Investimento',	100.00,	'Duvidosa',	'Operação',	'2025-08-29 21:40:50',	2),
(2246,	550,	'Investimento',	100.00,	'Duvidosa',	'Operação',	'2025-08-29 21:40:50',	2),
(2247,	550,	'Retorno',	76.93,	'Duvidosa',	'Operação',	'2025-08-29 21:40:50',	2),
(2248,	551,	'Retorno',	76.93,	'Duvidosa',	'Operação',	'2025-08-29 21:40:50',	2),
(2249,	549,	'Retorno',	76.93,	'Duvidosa',	'Operação',	'2025-08-29 21:40:50',	2),
(2250,	551,	'Investimento',	100.00,	'Duvidosa',	'Operação',	'2025-08-29 21:40:50',	2),
(2251,	552,	'Investimento',	100.00,	'Duvidosa',	'Operação',	'2025-08-29 21:40:50',	2),
(2252,	552,	'Retorno',	76.93,	'Duvidosa',	'Operação',	'2025-08-29 21:40:50',	2),
(2253,	553,	'Retorno',	38.47,	'Duvidosa',	'Operação',	'2025-08-29 21:40:50',	2),
(2254,	553,	'Investimento',	50.00,	'Duvidosa',	'Operação',	'2025-08-29 21:40:50',	2),
(2255,	549,	'Investimento',	100.00,	'Duvidosa',	'Operação',	'2025-08-29 21:41:45',	2),
(2256,	549,	'Retorno',	88.89,	'Duvidosa',	'Operação',	'2025-08-29 21:41:45',	2),
(2257,	550,	'Investimento',	100.00,	'Duvidosa',	'Operação',	'2025-08-29 21:41:45',	2),
(2258,	550,	'Retorno',	88.89,	'Duvidosa',	'Operação',	'2025-08-29 21:41:45',	2),
(2259,	551,	'Investimento',	100.00,	'Duvidosa',	'Operação',	'2025-08-29 21:41:45',	2),
(2260,	552,	'Investimento',	100.00,	'Duvidosa',	'Operação',	'2025-08-29 21:41:45',	2),
(2261,	551,	'Retorno',	88.89,	'Duvidosa',	'Operação',	'2025-08-29 21:41:45',	2),
(2262,	553,	'Investimento',	50.00,	'Duvidosa',	'Operação',	'2025-08-29 21:41:45',	2),
(2263,	552,	'Retorno',	88.89,	'Duvidosa',	'Operação',	'2025-08-29 21:41:45',	2),
(2264,	553,	'Retorno',	44.45,	'Duvidosa',	'Operação',	'2025-08-29 21:41:45',	2),
(2371,	549,	'Retorno',	66.67,	'Duvidosa',	'Operação',	'2025-08-30 23:41:51',	2),
(2372,	551,	'Investimento',	100.00,	'Duvidosa',	'Operação',	'2025-08-30 23:41:51',	2),
(2373,	549,	'Investimento',	100.00,	'Duvidosa',	'Operação',	'2025-08-30 23:41:51',	2),
(2374,	552,	'Retorno',	66.67,	'Duvidosa',	'Operação',	'2025-08-30 23:41:51',	2),
(2375,	551,	'Retorno',	66.67,	'Duvidosa',	'Operação',	'2025-08-30 23:41:51',	2),
(2376,	550,	'Retorno',	66.67,	'Duvidosa',	'Operação',	'2025-08-30 23:41:51',	2),
(2377,	553,	'Investimento',	100.00,	'Duvidosa',	'Operação',	'2025-08-30 23:41:51',	2),
(2378,	550,	'Investimento',	100.00,	'Duvidosa',	'Operação',	'2025-08-30 23:41:51',	2),
(2379,	552,	'Investimento',	100.00,	'Duvidosa',	'Operação',	'2025-08-30 23:41:51',	2),
(2380,	553,	'Retorno',	66.67,	'Duvidosa',	'Operação',	'2025-08-30 23:41:51',	2),
(2381,	549,	'Investimento',	100.00,	'Risco',	'Operação',	'2025-08-30 23:43:59',	2),
(2382,	550,	'Investimento',	100.00,	'Risco',	'Operação',	'2025-08-30 23:43:59',	2),
(2383,	549,	'Retorno',	66.67,	'Risco',	'Operação',	'2025-08-30 23:43:59',	2),
(2384,	550,	'Retorno',	66.67,	'Risco',	'Operação',	'2025-08-30 23:43:59',	2),
(2385,	551,	'Investimento',	100.00,	'Risco',	'Operação',	'2025-08-30 23:43:59',	2),
(2386,	551,	'Retorno',	66.67,	'Risco',	'Operação',	'2025-08-30 23:43:59',	2),
(2387,	552,	'Investimento',	100.00,	'Risco',	'Operação',	'2025-08-30 23:43:59',	2),
(2388,	552,	'Retorno',	70.18,	'Risco',	'Operação',	'2025-08-30 23:43:59',	2),
(2389,	553,	'Retorno',	66.67,	'Risco',	'Operação',	'2025-08-30 23:43:59',	2),
(2390,	553,	'Investimento',	100.00,	'Risco',	'Operação',	'2025-08-30 23:43:59',	2),
(2391,	549,	'Retorno',	0.00,	'Finalização Times',	'Operação',	'2025-08-30 23:45:23',	2),
(2392,	549,	'Investimento',	100.00,	'Finalização Times',	'Operação',	'2025-08-30 23:45:23',	2),
(2393,	550,	'Retorno',	0.00,	'Finalização Times',	'Operação',	'2025-08-30 23:45:23',	2),
(2394,	550,	'Investimento',	100.00,	'Finalização Times',	'Operação',	'2025-08-30 23:45:23',	2),
(2395,	551,	'Investimento',	100.00,	'Finalização Times',	'Operação',	'2025-08-30 23:45:23',	2),
(2396,	552,	'Retorno',	0.00,	'Finalização Times',	'Operação',	'2025-08-30 23:45:23',	2),
(2397,	551,	'Retorno',	0.00,	'Finalização Times',	'Operação',	'2025-08-30 23:45:23',	2),
(2398,	553,	'Retorno',	0.00,	'Finalização Times',	'Operação',	'2025-08-30 23:45:23',	2),
(2399,	553,	'Investimento',	100.00,	'Finalização Times',	'Operação',	'2025-08-30 23:45:23',	2),
(2400,	552,	'Investimento',	100.00,	'Finalização Times',	'Operação',	'2025-08-30 23:45:23',	2),
(2401,	549,	'Investimento',	100.00,	'Duvidosa',	'Operação',	'2025-08-30 23:46:20',	2),
(2402,	550,	'Investimento',	100.00,	'Duvidosa',	'Operação',	'2025-08-30 23:46:20',	2),
(2403,	549,	'Retorno',	73.05,	'Duvidosa',	'Operação',	'2025-08-30 23:46:20',	2),
(2404,	550,	'Retorno',	73.05,	'Duvidosa',	'Operação',	'2025-08-30 23:46:20',	2),
(2405,	551,	'Investimento',	100.00,	'Duvidosa',	'Operação',	'2025-08-30 23:46:20',	2),
(2406,	551,	'Retorno',	73.05,	'Duvidosa',	'Operação',	'2025-08-30 23:46:20',	2),
(2407,	552,	'Investimento',	100.00,	'Duvidosa',	'Operação',	'2025-08-30 23:46:20',	2),
(2408,	552,	'Retorno',	73.05,	'Duvidosa',	'Operação',	'2025-08-30 23:46:20',	2),
(2409,	553,	'Investimento',	100.00,	'Duvidosa',	'Operação',	'2025-08-30 23:46:20',	2),
(2410,	553,	'Retorno',	73.05,	'Duvidosa',	'Operação',	'2025-08-30 23:46:20',	2),
(2411,	549,	'Investimento',	100.00,	'Duvidosa',	'Operação',	'2025-08-30 23:47:34',	2),
(2412,	550,	'Retorno',	81.82,	'Duvidosa',	'Operação',	'2025-08-30 23:47:34',	2),
(2413,	549,	'Retorno',	81.82,	'Duvidosa',	'Operação',	'2025-08-30 23:47:34',	2),
(2414,	550,	'Investimento',	100.00,	'Duvidosa',	'Operação',	'2025-08-30 23:47:34',	2),
(2415,	551,	'Retorno',	81.82,	'Duvidosa',	'Operação',	'2025-08-30 23:47:34',	2),
(2416,	551,	'Investimento',	100.00,	'Duvidosa',	'Operação',	'2025-08-30 23:47:34',	2),
(2417,	552,	'Investimento',	100.00,	'Duvidosa',	'Operação',	'2025-08-30 23:47:34',	2),
(2418,	553,	'Retorno',	81.82,	'Duvidosa',	'Operação',	'2025-08-30 23:47:34',	2),
(2419,	552,	'Retorno',	81.82,	'Duvidosa',	'Operação',	'2025-08-30 23:47:34',	2),
(2420,	553,	'Investimento',	100.00,	'Duvidosa',	'Operação',	'2025-08-30 23:47:34',	2),
(2421,	549,	'Investimento',	100.00,	'Duvidosa',	'Operação',	'2025-08-30 23:48:22',	2),
(2422,	549,	'Retorno',	80.00,	'Duvidosa',	'Operação',	'2025-08-30 23:48:22',	2),
(2423,	550,	'Investimento',	100.00,	'Duvidosa',	'Operação',	'2025-08-30 23:48:22',	2),
(2424,	550,	'Retorno',	80.00,	'Duvidosa',	'Operação',	'2025-08-30 23:48:22',	2),
(2425,	551,	'Investimento',	100.00,	'Duvidosa',	'Operação',	'2025-08-30 23:48:22',	2),
(2426,	552,	'Investimento',	100.00,	'Duvidosa',	'Operação',	'2025-08-30 23:48:22',	2),
(2427,	551,	'Retorno',	80.00,	'Duvidosa',	'Operação',	'2025-08-30 23:48:22',	2),
(2428,	553,	'Investimento',	100.00,	'Duvidosa',	'Operação',	'2025-08-30 23:48:22',	2),
(2429,	553,	'Retorno',	80.00,	'Duvidosa',	'Operação',	'2025-08-30 23:48:22',	2),
(2430,	552,	'Retorno',	80.00,	'Duvidosa',	'Operação',	'2025-08-30 23:48:22',	2),
(2431,	549,	'Investimento',	100.00,	'Erro',	'Operação',	'2025-08-30 23:49:08',	2),
(2432,	550,	'Investimento',	100.00,	'Erro',	'Operação',	'2025-08-30 23:49:08',	2),
(2433,	551,	'Investimento',	100.00,	'Erro',	'Operação',	'2025-08-30 23:49:08',	2),
(2434,	551,	'Retorno',	262.50,	'Erro',	'Operação',	'2025-08-30 23:49:08',	2),
(2435,	549,	'Retorno',	262.50,	'Erro',	'Operação',	'2025-08-30 23:49:08',	2),
(2436,	550,	'Retorno',	262.50,	'Erro',	'Operação',	'2025-08-30 23:49:08',	2),
(2437,	552,	'Investimento',	100.00,	'Erro',	'Operação',	'2025-08-30 23:49:08',	2),
(2438,	552,	'Retorno',	262.50,	'Erro',	'Operação',	'2025-08-30 23:49:08',	2),
(2439,	553,	'Investimento',	100.00,	'Erro',	'Operação',	'2025-08-30 23:49:08',	2),
(2440,	553,	'Retorno',	262.50,	'Erro',	'Operação',	'2025-08-30 23:49:08',	2),
(2441,	549,	'Investimento',	100.00,	'Risco',	'Operação',	'2025-08-30 23:49:49',	2),
(2442,	549,	'Retorno',	180.00,	'Risco',	'Operação',	'2025-08-30 23:49:49',	2),
(2443,	550,	'Investimento',	100.00,	'Risco',	'Operação',	'2025-08-30 23:49:49',	2),
(2444,	550,	'Retorno',	180.00,	'Risco',	'Operação',	'2025-08-30 23:49:49',	2),
(2445,	551,	'Investimento',	100.00,	'Risco',	'Operação',	'2025-08-30 23:49:49',	2),
(2446,	552,	'Investimento',	100.00,	'Risco',	'Operação',	'2025-08-30 23:49:49',	2),
(2447,	551,	'Retorno',	180.00,	'Risco',	'Operação',	'2025-08-30 23:49:49',	2),
(2448,	552,	'Retorno',	180.00,	'Risco',	'Operação',	'2025-08-30 23:49:49',	2),
(2449,	553,	'Investimento',	100.00,	'Risco',	'Operação',	'2025-08-30 23:49:49',	2),
(2450,	553,	'Retorno',	180.00,	'Risco',	'Operação',	'2025-08-30 23:49:49',	2),
(2451,	549,	'Retorno',	0.00,	'Bingo',	'Operação',	'2025-08-30 23:51:23',	2),
(2452,	551,	'Retorno',	0.00,	'Bingo',	'Operação',	'2025-08-30 23:51:23',	2),
(2453,	550,	'Investimento',	31.55,	'Bingo',	'Operação',	'2025-08-30 23:51:23',	2),
(2454,	550,	'Retorno',	0.00,	'Bingo',	'Operação',	'2025-08-30 23:51:23',	2),
(2455,	552,	'Retorno',	0.00,	'Bingo',	'Operação',	'2025-08-30 23:51:23',	2),
(2456,	552,	'Investimento',	29.12,	'Bingo',	'Operação',	'2025-08-30 23:51:23',	2),
(2457,	551,	'Investimento',	15.69,	'Bingo',	'Operação',	'2025-08-30 23:51:23',	2),
(2458,	553,	'Investimento',	16.97,	'Bingo',	'Operação',	'2025-08-30 23:51:23',	2),
(2459,	553,	'Retorno',	0.00,	'Bingo',	'Operação',	'2025-08-30 23:51:23',	2),
(2460,	549,	'Investimento',	77.69,	'Bingo',	'Operação',	'2025-08-30 23:51:23',	2),
(2461,	549,	'Investimento',	100.00,	'Finalização Times',	'Operação',	'2025-08-30 23:52:16',	2),
(2462,	549,	'Retorno',	275.00,	'Finalização Times',	'Operação',	'2025-08-30 23:52:16',	2),
(2463,	550,	'Investimento',	100.00,	'Finalização Times',	'Operação',	'2025-08-30 23:52:16',	2),
(2464,	550,	'Retorno',	275.00,	'Finalização Times',	'Operação',	'2025-08-30 23:52:16',	2),
(2465,	551,	'Investimento',	100.00,	'Finalização Times',	'Operação',	'2025-08-30 23:52:16',	2),
(2466,	551,	'Retorno',	275.00,	'Finalização Times',	'Operação',	'2025-08-30 23:52:16',	2),
(2467,	552,	'Investimento',	100.00,	'Finalização Times',	'Operação',	'2025-08-30 23:52:16',	2),
(2468,	552,	'Retorno',	275.00,	'Finalização Times',	'Operação',	'2025-08-30 23:52:16',	2),
(2469,	553,	'Investimento',	100.00,	'Finalização Times',	'Operação',	'2025-08-30 23:52:16',	2),
(2470,	553,	'Retorno',	275.00,	'Finalização Times',	'Operação',	'2025-08-30 23:52:16',	2),
(2471,	549,	'Investimento',	100.00,	'Duvidosa',	'Operação',	'2025-08-30 23:52:57',	2),
(2472,	549,	'Retorno',	86.67,	'Duvidosa',	'Operação',	'2025-08-30 23:52:57',	2),
(2473,	550,	'Investimento',	100.00,	'Duvidosa',	'Operação',	'2025-08-30 23:52:57',	2),
(2474,	550,	'Retorno',	86.67,	'Duvidosa',	'Operação',	'2025-08-30 23:52:57',	2),
(2475,	551,	'Investimento',	100.00,	'Duvidosa',	'Operação',	'2025-08-30 23:52:57',	2),
(2476,	551,	'Retorno',	86.67,	'Duvidosa',	'Operação',	'2025-08-30 23:52:57',	2),
(2477,	552,	'Investimento',	100.00,	'Duvidosa',	'Operação',	'2025-08-30 23:52:57',	2),
(2478,	553,	'Retorno',	86.67,	'Duvidosa',	'Operação',	'2025-08-30 23:52:57',	2),
(2479,	552,	'Retorno',	86.67,	'Duvidosa',	'Operação',	'2025-08-30 23:52:57',	2),
(2480,	553,	'Investimento',	100.00,	'Duvidosa',	'Operação',	'2025-08-30 23:52:57',	2),
(2481,	549,	'Investimento',	100.00,	'Finalização Times',	'Operação',	'2025-08-30 23:53:33',	2),
(2482,	549,	'Retorno',	0.00,	'Finalização Times',	'Operação',	'2025-08-30 23:53:33',	2),
(2483,	550,	'Investimento',	100.00,	'Finalização Times',	'Operação',	'2025-08-30 23:53:33',	2),
(2484,	550,	'Retorno',	0.00,	'Finalização Times',	'Operação',	'2025-08-30 23:53:33',	2),
(2485,	551,	'Investimento',	100.00,	'Finalização Times',	'Operação',	'2025-08-30 23:53:33',	2),
(2486,	551,	'Retorno',	0.00,	'Finalização Times',	'Operação',	'2025-08-30 23:53:33',	2),
(2487,	552,	'Investimento',	100.00,	'Finalização Times',	'Operação',	'2025-08-30 23:53:33',	2),
(2488,	553,	'Investimento',	100.00,	'Finalização Times',	'Operação',	'2025-08-30 23:53:33',	2),
(2489,	552,	'Retorno',	0.00,	'Finalização Times',	'Operação',	'2025-08-30 23:53:33',	2),
(2490,	553,	'Retorno',	0.00,	'Finalização Times',	'Operação',	'2025-08-30 23:53:33',	2),
(2491,	549,	'Investimento',	41.67,	'Bingo',	'Operação',	'2025-08-30 23:54:35',	2),
(2492,	549,	'Retorno',	0.00,	'Bingo',	'Operação',	'2025-08-30 23:54:35',	2),
(2493,	550,	'Retorno',	0.00,	'Bingo',	'Operação',	'2025-08-30 23:54:35',	2),
(2494,	551,	'Investimento',	41.67,	'Bingo',	'Operação',	'2025-08-30 23:54:35',	2),
(2495,	551,	'Retorno',	0.00,	'Bingo',	'Operação',	'2025-08-30 23:54:35',	2),
(2496,	550,	'Investimento',	41.67,	'Bingo',	'Operação',	'2025-08-30 23:54:35',	2),
(2497,	552,	'Investimento',	41.67,	'Bingo',	'Operação',	'2025-08-30 23:54:35',	2),
(2498,	552,	'Retorno',	0.00,	'Bingo',	'Operação',	'2025-08-30 23:54:35',	2),
(2499,	553,	'Investimento',	41.67,	'Bingo',	'Operação',	'2025-08-30 23:54:35',	2),
(2500,	553,	'Retorno',	0.00,	'Bingo',	'Operação',	'2025-08-30 23:54:35',	2),
(2501,	549,	'Investimento',	100.00,	'Risco',	'Operação',	'2025-08-30 23:55:21',	2),
(2502,	549,	'Retorno',	144.45,	'Risco',	'Operação',	'2025-08-30 23:55:21',	2),
(2503,	550,	'Investimento',	100.00,	'Risco',	'Operação',	'2025-08-30 23:55:21',	2),
(2504,	550,	'Retorno',	144.45,	'Risco',	'Operação',	'2025-08-30 23:55:21',	2),
(2505,	551,	'Investimento',	100.00,	'Risco',	'Operação',	'2025-08-30 23:55:21',	2),
(2506,	551,	'Retorno',	144.45,	'Risco',	'Operação',	'2025-08-30 23:55:21',	2),
(2507,	552,	'Investimento',	100.00,	'Risco',	'Operação',	'2025-08-30 23:55:21',	2),
(2508,	552,	'Retorno',	144.45,	'Risco',	'Operação',	'2025-08-30 23:55:21',	2),
(2509,	553,	'Investimento',	100.00,	'Risco',	'Operação',	'2025-08-30 23:55:21',	2),
(2510,	553,	'Retorno',	144.45,	'Risco',	'Operação',	'2025-08-30 23:55:21',	2),
(2511,	550,	'Investimento',	644.45,	'Erro',	'Operação',	'2025-08-31 00:02:07',	2),
(2512,	549,	'Investimento',	744.45,	'Erro',	'Operação',	'2025-08-31 00:02:07',	2),
(2513,	549,	'Retorno',	1258.44,	'Erro',	'Operação',	'2025-08-31 00:02:07',	2),
(2514,	550,	'Retorno',	1085.71,	'Erro',	'Operação',	'2025-08-31 00:02:07',	2),
(2515,	551,	'Investimento',	644.45,	'Erro',	'Operação',	'2025-08-31 00:02:07',	2),
(2516,	552,	'Investimento',	644.45,	'Erro',	'Operação',	'2025-08-31 00:02:07',	2),
(2517,	552,	'Retorno',	1085.71,	'Erro',	'Operação',	'2025-08-31 00:02:07',	2),
(2518,	551,	'Retorno',	1085.71,	'Erro',	'Operação',	'2025-08-31 00:02:07',	2),
(2519,	553,	'Investimento',	644.45,	'Erro',	'Operação',	'2025-08-31 00:02:07',	2),
(2520,	553,	'Retorno',	1085.71,	'Erro',	'Operação',	'2025-08-31 00:02:07',	2),
(2529,	549,	'Investimento',	200.00,	'Erro',	'Operação',	'2025-08-31 01:05:38',	2),
(2530,	549,	'Retorno',	360.00,	'Erro',	'Operação',	'2025-08-31 01:05:38',	2),
(2531,	550,	'Investimento',	200.00,	'Erro',	'Operação',	'2025-08-31 01:05:38',	2),
(2532,	550,	'Retorno',	360.00,	'Erro',	'Operação',	'2025-08-31 01:05:38',	2),
(2533,	551,	'Investimento',	200.00,	'Erro',	'Operação',	'2025-08-31 01:05:38',	2),
(2534,	551,	'Retorno',	360.00,	'Erro',	'Operação',	'2025-08-31 01:05:38',	2),
(2535,	552,	'Investimento',	200.00,	'Erro',	'Operação',	'2025-08-31 01:05:38',	2),
(2536,	552,	'Retorno',	360.00,	'Erro',	'Operação',	'2025-08-31 01:05:38',	2),
(2537,	553,	'Retorno',	360.00,	'Erro',	'Operação',	'2025-08-31 01:05:38',	2),
(2538,	553,	'Investimento',	200.00,	'Erro',	'Operação',	'2025-08-31 01:05:38',	2),
(2687,	549,	'Investimento',	100.00,	'Erro',	'Operação',	'2025-08-31 12:59:53',	2),
(2688,	549,	'Retorno',	0.00,	'Erro',	'Operação',	'2025-08-31 12:59:53',	2),
(2689,	552,	'Retorno',	0.00,	'Erro',	'Operação',	'2025-08-31 12:59:53',	2),
(2690,	553,	'Investimento',	100.00,	'Erro',	'Operação',	'2025-08-31 12:59:53',	2),
(2691,	550,	'Retorno',	0.00,	'Erro',	'Operação',	'2025-08-31 12:59:53',	2),
(2692,	551,	'Retorno',	0.00,	'Erro',	'Operação',	'2025-08-31 12:59:53',	2),
(2693,	550,	'Investimento',	100.00,	'Erro',	'Operação',	'2025-08-31 12:59:53',	2),
(2694,	551,	'Investimento',	100.00,	'Erro',	'Operação',	'2025-08-31 12:59:53',	2),
(2695,	552,	'Investimento',	100.00,	'Erro',	'Operação',	'2025-08-31 12:59:53',	2),
(2696,	553,	'Retorno',	0.00,	'Erro',	'Operação',	'2025-08-31 12:59:53',	2),
(2697,	549,	'Retorno',	325.00,	'Duvidosa',	'Operação',	'2025-08-31 15:03:04',	2),
(2698,	549,	'Investimento',	100.00,	'Duvidosa',	'Operação',	'2025-08-31 15:03:04',	2),
(2699,	550,	'Investimento',	100.00,	'Duvidosa',	'Operação',	'2025-08-31 15:03:04',	2),
(2700,	550,	'Retorno',	325.00,	'Duvidosa',	'Operação',	'2025-08-31 15:03:04',	2),
(2701,	551,	'Investimento',	100.00,	'Duvidosa',	'Operação',	'2025-08-31 15:03:04',	2),
(2702,	551,	'Retorno',	325.00,	'Duvidosa',	'Operação',	'2025-08-31 15:03:04',	2),
(2703,	552,	'Investimento',	100.00,	'Duvidosa',	'Operação',	'2025-08-31 15:03:04',	2),
(2704,	553,	'Retorno',	325.00,	'Duvidosa',	'Operação',	'2025-08-31 15:03:04',	2),
(2705,	552,	'Retorno',	325.00,	'Duvidosa',	'Operação',	'2025-08-31 15:03:04',	2),
(2706,	553,	'Investimento',	100.00,	'Duvidosa',	'Operação',	'2025-08-31 15:03:04',	2),
(2715,	549,	'Investimento',	100.00,	'Erro',	'Operação',	'2025-08-31 19:31:00',	2),
(2716,	549,	'Retorno',	300.00,	'Erro',	'Operação',	'2025-08-31 19:31:00',	2),
(2717,	550,	'Investimento',	100.00,	'Erro',	'Operação',	'2025-08-31 19:31:00',	2),
(2718,	553,	'Retorno',	300.00,	'Erro',	'Operação',	'2025-08-31 19:31:00',	2),
(2719,	550,	'Retorno',	300.00,	'Erro',	'Operação',	'2025-08-31 19:31:00',	2),
(2720,	551,	'Retorno',	300.00,	'Erro',	'Operação',	'2025-08-31 19:31:00',	2),
(2721,	552,	'Investimento',	100.00,	'Erro',	'Operação',	'2025-08-31 19:31:00',	2),
(2722,	551,	'Investimento',	100.00,	'Erro',	'Operação',	'2025-08-31 19:31:00',	2),
(2723,	553,	'Investimento',	100.00,	'Erro',	'Operação',	'2025-08-31 19:31:00',	2),
(2724,	552,	'Retorno',	300.00,	'Erro',	'Operação',	'2025-08-31 19:31:00',	2),
(2725,	549,	'Investimento',	100.00,	'Erro',	'Operação',	'2025-08-31 19:59:53',	2),
(2726,	550,	'Retorno',	80.39,	'Erro',	'Operação',	'2025-08-31 19:59:53',	2),
(2727,	549,	'Retorno',	80.39,	'Erro',	'Operação',	'2025-08-31 19:59:53',	2),
(2728,	552,	'Investimento',	100.00,	'Erro',	'Operação',	'2025-08-31 19:59:53',	2),
(2729,	550,	'Investimento',	100.00,	'Erro',	'Operação',	'2025-08-31 19:59:53',	2),
(2730,	552,	'Retorno',	80.39,	'Erro',	'Operação',	'2025-08-31 19:59:53',	2),
(2731,	551,	'Retorno',	80.39,	'Erro',	'Operação',	'2025-08-31 19:59:53',	2),
(2732,	551,	'Investimento',	100.00,	'Erro',	'Operação',	'2025-08-31 19:59:53',	2),
(2733,	553,	'Investimento',	100.00,	'Erro',	'Operação',	'2025-08-31 19:59:53',	2),
(2734,	553,	'Retorno',	80.39,	'Erro',	'Operação',	'2025-08-31 19:59:53',	2),
(2741,	549,	'Investimento',	100.00,	'Erro',	'Operação',	'2025-08-31 23:32:20',	2),
(2742,	550,	'Investimento',	100.00,	'Erro',	'Operação',	'2025-08-31 23:32:20',	2),
(2743,	552,	'Retorno',	104.14,	'Erro',	'Operação',	'2025-08-31 23:32:20',	2),
(2744,	549,	'Retorno',	104.14,	'Erro',	'Operação',	'2025-08-31 23:32:20',	2),
(2745,	552,	'Investimento',	100.00,	'Erro',	'Operação',	'2025-08-31 23:32:20',	2),
(2746,	553,	'Investimento',	100.00,	'Erro',	'Operação',	'2025-08-31 23:32:20',	2),
(2747,	551,	'Retorno',	104.14,	'Erro',	'Operação',	'2025-08-31 23:32:20',	2),
(2748,	551,	'Investimento',	100.00,	'Erro',	'Operação',	'2025-08-31 23:32:20',	2),
(2749,	553,	'Retorno',	104.14,	'Erro',	'Operação',	'2025-08-31 23:32:20',	2),
(2750,	550,	'Retorno',	104.14,	'Erro',	'Operação',	'2025-08-31 23:32:20',	2),
(2755,	549,	'Investimento',	27.97,	'Duvidosa',	'Operação',	'2025-09-01 00:21:40',	2),
(2756,	550,	'Investimento',	55.24,	'Duvidosa',	'Operação',	'2025-09-01 00:21:40',	2),
(2757,	549,	'Retorno',	0.00,	'Duvidosa',	'Operação',	'2025-09-01 00:21:40',	2),
(2758,	550,	'Retorno',	0.00,	'Duvidosa',	'Operação',	'2025-09-01 00:21:40',	2),
(2759,	552,	'Investimento',	43.12,	'Duvidosa',	'Operação',	'2025-09-01 00:21:40',	2),
(2760,	551,	'Investimento',	55.24,	'Duvidosa',	'Operação',	'2025-09-01 00:21:40',	2),
(2761,	551,	'Retorno',	0.00,	'Duvidosa',	'Operação',	'2025-09-01 00:21:40',	2),
(2762,	552,	'Retorno',	0.00,	'Duvidosa',	'Operação',	'2025-09-01 00:21:40',	2),
(2763,	553,	'Investimento',	55.24,	'Duvidosa',	'Operação',	'2025-09-01 00:21:40',	2),
(2764,	553,	'Retorno',	0.00,	'Duvidosa',	'Operação',	'2025-09-01 00:21:40',	2),
(2765,	549,	'Investimento',	100.00,	'Erro',	'Operação',	'2025-09-01 00:22:21',	2),
(2766,	549,	'Retorno',	175.00,	'Erro',	'Operação',	'2025-09-01 00:22:21',	2),
(2767,	550,	'Investimento',	100.00,	'Erro',	'Operação',	'2025-09-01 00:22:21',	2),
(2768,	550,	'Retorno',	175.00,	'Erro',	'Operação',	'2025-09-01 00:22:21',	2),
(2769,	551,	'Investimento',	100.00,	'Erro',	'Operação',	'2025-09-01 00:22:21',	2),
(2770,	551,	'Retorno',	175.00,	'Erro',	'Operação',	'2025-09-01 00:22:21',	2),
(2771,	552,	'Investimento',	100.00,	'Erro',	'Operação',	'2025-09-01 00:22:21',	2),
(2772,	552,	'Retorno',	175.00,	'Erro',	'Operação',	'2025-09-01 00:22:21',	2),
(2773,	553,	'Investimento',	100.00,	'Erro',	'Operação',	'2025-09-01 00:22:21',	2),
(2774,	553,	'Retorno',	175.00,	'Erro',	'Operação',	'2025-09-01 00:22:21',	2),
(2775,	549,	'Investimento',	200.00,	'Duvidosa',	'Operação',	'2025-09-01 00:23:36',	2),
(2776,	550,	'Investimento',	200.00,	'Duvidosa',	'Operação',	'2025-09-01 00:23:36',	2),
(2777,	549,	'Retorno',	0.00,	'Duvidosa',	'Operação',	'2025-09-01 00:23:36',	2),
(2778,	550,	'Retorno',	0.00,	'Duvidosa',	'Operação',	'2025-09-01 00:23:36',	2),
(2779,	551,	'Retorno',	0.00,	'Duvidosa',	'Operação',	'2025-09-01 00:23:36',	2),
(2780,	552,	'Investimento',	200.00,	'Duvidosa',	'Operação',	'2025-09-01 00:23:36',	2),
(2781,	551,	'Investimento',	200.00,	'Duvidosa',	'Operação',	'2025-09-01 00:23:36',	2),
(2782,	552,	'Retorno',	0.00,	'Duvidosa',	'Operação',	'2025-09-01 00:23:36',	2),
(2783,	553,	'Retorno',	0.00,	'Duvidosa',	'Operação',	'2025-09-01 00:23:37',	2),
(2784,	553,	'Investimento',	200.00,	'Duvidosa',	'Operação',	'2025-09-01 00:23:37',	2),
(2785,	550,	'Investimento',	275.00,	'Duvidosa',	'Operação',	'2025-09-01 00:25:07',	2),
(2786,	549,	'Retorno',	96.25,	'Duvidosa',	'Operação',	'2025-09-01 00:25:07',	2),
(2787,	549,	'Investimento',	275.00,	'Duvidosa',	'Operação',	'2025-09-01 00:25:07',	2),
(2788,	550,	'Retorno',	96.25,	'Duvidosa',	'Operação',	'2025-09-01 00:25:07',	2),
(2789,	551,	'Retorno',	96.25,	'Duvidosa',	'Operação',	'2025-09-01 00:25:07',	2),
(2790,	551,	'Investimento',	275.00,	'Duvidosa',	'Operação',	'2025-09-01 00:25:07',	2),
(2791,	552,	'Retorno',	96.25,	'Duvidosa',	'Operação',	'2025-09-01 00:25:07',	2),
(2792,	552,	'Investimento',	275.00,	'Duvidosa',	'Operação',	'2025-09-01 00:25:07',	2),
(2793,	553,	'Investimento',	275.00,	'Duvidosa',	'Operação',	'2025-09-01 00:25:07',	2),
(2794,	553,	'Retorno',	96.25,	'Duvidosa',	'Operação',	'2025-09-01 00:25:07',	2),
(2795,	549,	'Investimento',	75.00,	'Erro',	'Operação',	'2025-09-01 00:25:57',	2),
(2796,	549,	'Retorno',	88.64,	'Erro',	'Operação',	'2025-09-01 00:25:57',	2),
(2797,	550,	'Retorno',	88.64,	'Erro',	'Operação',	'2025-09-01 00:25:57',	2),
(2798,	550,	'Investimento',	75.00,	'Erro',	'Operação',	'2025-09-01 00:25:57',	2),
(2799,	551,	'Investimento',	75.00,	'Erro',	'Operação',	'2025-09-01 00:25:57',	2),
(2800,	551,	'Retorno',	88.64,	'Erro',	'Operação',	'2025-09-01 00:25:57',	2),
(2801,	552,	'Investimento',	75.00,	'Erro',	'Operação',	'2025-09-01 00:25:57',	2),
(2802,	552,	'Retorno',	88.64,	'Erro',	'Operação',	'2025-09-01 00:25:57',	2),
(2803,	553,	'Investimento',	75.00,	'Erro',	'Operação',	'2025-09-01 00:25:57',	2),
(2804,	553,	'Retorno',	88.64,	'Erro',	'Operação',	'2025-09-01 00:25:57',	2),
(2805,	549,	'Investimento',	200.00,	'Duvidosa',	'Operação',	'2025-09-01 00:27:00',	2),
(2806,	549,	'Retorno',	138.48,	'Duvidosa',	'Operação',	'2025-09-01 00:27:00',	2),
(2807,	550,	'Investimento',	200.00,	'Duvidosa',	'Operação',	'2025-09-01 00:27:00',	2),
(2808,	550,	'Retorno',	138.48,	'Duvidosa',	'Operação',	'2025-09-01 00:27:00',	2),
(2809,	551,	'Investimento',	200.00,	'Duvidosa',	'Operação',	'2025-09-01 00:27:00',	2),
(2810,	551,	'Retorno',	138.48,	'Duvidosa',	'Operação',	'2025-09-01 00:27:00',	2),
(2811,	552,	'Investimento',	200.00,	'Duvidosa',	'Operação',	'2025-09-01 00:27:00',	2),
(2812,	552,	'Retorno',	138.48,	'Duvidosa',	'Operação',	'2025-09-01 00:27:00',	2),
(2813,	553,	'Investimento',	200.00,	'Duvidosa',	'Operação',	'2025-09-01 00:27:00',	2),
(2814,	553,	'Retorno',	138.48,	'Duvidosa',	'Operação',	'2025-09-01 00:27:00',	2),
(2817,	549,	'Retorno',	900.00,	'Erro',	'Operação',	'2025-09-01 01:08:29',	2),
(2818,	550,	'Investimento',	200.00,	'Erro',	'Operação',	'2025-09-01 01:08:29',	2),
(2819,	550,	'Retorno',	900.00,	'Erro',	'Operação',	'2025-09-01 01:08:29',	2),
(2820,	549,	'Investimento',	200.00,	'Erro',	'Operação',	'2025-09-01 01:08:29',	2),
(2821,	551,	'Investimento',	200.00,	'Erro',	'Operação',	'2025-09-01 01:08:29',	2),
(2822,	551,	'Retorno',	900.00,	'Erro',	'Operação',	'2025-09-01 01:08:29',	2),
(2823,	552,	'Investimento',	200.00,	'Erro',	'Operação',	'2025-09-01 01:08:29',	2),
(2824,	553,	'Investimento',	200.00,	'Erro',	'Operação',	'2025-09-01 01:08:29',	2),
(2825,	553,	'Retorno',	900.00,	'Erro',	'Operação',	'2025-09-01 01:08:29',	2),
(2826,	552,	'Retorno',	900.00,	'Erro',	'Operação',	'2025-09-01 01:08:29',	2),
(3068,	736,	'Investimento',	300.00,	'Erro',	'Operação',	'2025-09-04 15:24:25',	14),
(3069,	736,	'Retorno',	250.00,	'Erro',	'Operação',	'2025-09-04 15:24:25',	14),
(3072,	549,	'Investimento',	100.00,	'Erro',	'Operação',	'2025-09-04 15:55:38',	2),
(3073,	549,	'Retorno',	153.34,	'Erro',	'Operação',	'2025-09-04 15:55:38',	2),
(3074,	551,	'Investimento',	100.00,	'Erro',	'Operação',	'2025-09-04 15:55:38',	2),
(3075,	551,	'Retorno',	153.34,	'Erro',	'Operação',	'2025-09-04 15:55:38',	2),
(3076,	553,	'Investimento',	100.00,	'Erro',	'Operação',	'2025-09-04 15:55:38',	2),
(3077,	553,	'Retorno',	153.34,	'Erro',	'Operação',	'2025-09-04 15:55:38',	2),
(3078,	552,	'Retorno',	153.34,	'Erro',	'Operação',	'2025-09-04 15:55:38',	2),
(3079,	552,	'Investimento',	100.00,	'Erro',	'Operação',	'2025-09-04 15:55:38',	2),
(3080,	549,	'Investimento',	100.00,	'Erro',	'Operação',	'2025-09-04 15:56:27',	2),
(3081,	549,	'Retorno',	138.89,	'Erro',	'Operação',	'2025-09-04 15:56:27',	2),
(3082,	551,	'Retorno',	138.89,	'Erro',	'Operação',	'2025-09-04 15:56:27',	2),
(3083,	552,	'Retorno',	243.16,	'Erro',	'Operação',	'2025-09-04 15:56:27',	2),
(3084,	552,	'Investimento',	100.00,	'Erro',	'Operação',	'2025-09-04 15:56:27',	2),
(3085,	551,	'Investimento',	100.00,	'Erro',	'Operação',	'2025-09-04 15:56:27',	2),
(3086,	553,	'Investimento',	100.00,	'Erro',	'Operação',	'2025-09-04 15:56:27',	2),
(3087,	553,	'Retorno',	138.89,	'Erro',	'Operação',	'2025-09-04 15:56:27',	2),
(3088,	549,	'Investimento',	100.00,	'Erro',	'Operação',	'2025-09-04 15:57:00',	2),
(3089,	551,	'Investimento',	100.00,	'Erro',	'Operação',	'2025-09-04 15:57:00',	2),
(3090,	549,	'Retorno',	225.00,	'Erro',	'Operação',	'2025-09-04 15:57:00',	2),
(3091,	551,	'Retorno',	225.00,	'Erro',	'Operação',	'2025-09-04 15:57:00',	2),
(3092,	553,	'Retorno',	225.00,	'Erro',	'Operação',	'2025-09-04 15:57:00',	2),
(3093,	552,	'Investimento',	100.00,	'Erro',	'Operação',	'2025-09-04 15:57:00',	2),
(3094,	553,	'Investimento',	100.00,	'Erro',	'Operação',	'2025-09-04 15:57:00',	2),
(3095,	552,	'Retorno',	225.00,	'Erro',	'Operação',	'2025-09-04 15:57:00',	2),
(3096,	730,	'Investimento',	500.00,	'Erro',	'Operação',	'2025-09-04 15:57:20',	2),
(3097,	730,	'Retorno',	665.00,	'Erro',	'Operação',	'2025-09-04 15:57:20',	2),
(3110,	549,	'Investimento',	100.00,	'Risco',	'Operação',	'2025-09-04 19:44:44',	2),
(3111,	552,	'Investimento',	100.00,	'Risco',	'Operação',	'2025-09-04 19:44:44',	2),
(3112,	551,	'Investimento',	100.00,	'Risco',	'Operação',	'2025-09-04 19:44:44',	2),
(3113,	553,	'Investimento',	100.00,	'Risco',	'Operação',	'2025-09-04 19:44:44',	2),
(3114,	551,	'Retorno',	83.34,	'Risco',	'Operação',	'2025-09-04 19:44:44',	2),
(3115,	552,	'Retorno',	83.34,	'Risco',	'Operação',	'2025-09-04 19:44:44',	2),
(3116,	553,	'Retorno',	83.34,	'Risco',	'Operação',	'2025-09-04 19:44:44',	2),
(3117,	549,	'Retorno',	83.34,	'Risco',	'Operação',	'2025-09-04 19:44:44',	2),
(3118,	549,	'Retorno',	80.00,	'Erro',	'Operação',	'2025-09-04 19:45:20',	2),
(3119,	551,	'Investimento',	100.00,	'Erro',	'Operação',	'2025-09-04 19:45:20',	2),
(3120,	551,	'Retorno',	80.00,	'Erro',	'Operação',	'2025-09-04 19:45:20',	2),
(3121,	552,	'Investimento',	100.00,	'Erro',	'Operação',	'2025-09-04 19:45:20',	2),
(3122,	552,	'Retorno',	80.00,	'Erro',	'Operação',	'2025-09-04 19:45:20',	2),
(3123,	549,	'Investimento',	100.00,	'Erro',	'Operação',	'2025-09-04 19:45:20',	2),
(3124,	553,	'Retorno',	80.00,	'Erro',	'Operação',	'2025-09-04 19:45:20',	2),
(3125,	553,	'Investimento',	100.00,	'Erro',	'Operação',	'2025-09-04 19:45:20',	2),
(3131,	737,	'Retorno',	0.00,	'Erro',	'Operação',	'2025-09-04 20:47:46',	14),
(3132,	733,	'Investimento',	300.00,	'Erro',	'Operação',	'2025-09-04 20:49:36',	14),
(3133,	733,	'Retorno',	600.00,	'Erro',	'Operação',	'2025-09-04 20:49:36',	14),
(3134,	737,	'Investimento',	250.00,	'Erro',	'Operação',	'2025-09-04 21:35:08',	14),
(3135,	737,	'Retorno',	200.00,	'Erro',	'Operação',	'2025-09-04 21:35:08',	14),
(3138,	549,	'Investimento',	100.00,	'Erro',	'Operação',	'2025-09-05 01:30:01',	2),
(3139,	549,	'Retorno',	90.00,	'Erro',	'Operação',	'2025-09-05 01:30:01',	2),
(3140,	551,	'Retorno',	150.00,	'Erro',	'Operação',	'2025-09-05 01:30:01',	2),
(3141,	551,	'Investimento',	100.00,	'Erro',	'Operação',	'2025-09-05 01:30:01',	2),
(3142,	553,	'Investimento',	100.00,	'Erro',	'Operação',	'2025-09-05 01:30:01',	2),
(3143,	552,	'Retorno',	150.00,	'Erro',	'Operação',	'2025-09-05 01:30:01',	2),
(3144,	552,	'Investimento',	100.00,	'Erro',	'Operação',	'2025-09-05 01:30:01',	2),
(3145,	553,	'Retorno',	90.00,	'Erro',	'Operação',	'2025-09-05 01:30:01',	2),
(3146,	733,	'Investimento',	100.00,	'Bingo',	'Operação',	'2025-09-05 01:32:30',	14),
(3147,	733,	'Retorno',	0.00,	'Bingo',	'Operação',	'2025-09-05 01:32:30',	14),
(3150,	549,	'Investimento',	100.00,	'Risco',	'Operação',	'2025-09-05 02:29:37',	2),
(3151,	549,	'Retorno',	150.00,	'Risco',	'Operação',	'2025-09-05 02:29:37',	2),
(3152,	551,	'Investimento',	100.00,	'Risco',	'Operação',	'2025-09-05 02:29:37',	2),
(3153,	552,	'Investimento',	100.00,	'Risco',	'Operação',	'2025-09-05 02:29:37',	2),
(3154,	553,	'Retorno',	150.00,	'Risco',	'Operação',	'2025-09-05 02:29:37',	2),
(3155,	553,	'Investimento',	100.00,	'Risco',	'Operação',	'2025-09-05 02:29:37',	2),
(3156,	552,	'Retorno',	150.00,	'Risco',	'Operação',	'2025-09-05 02:29:37',	2),
(3157,	551,	'Retorno',	150.00,	'Risco',	'Operação',	'2025-09-05 02:29:37',	2),
(3160,	549,	'Retorno',	0.00,	'Risco',	'Operação',	'2025-09-05 02:30:14',	2),
(3161,	551,	'Investimento',	100.00,	'Risco',	'Operação',	'2025-09-05 02:30:14',	2),
(3162,	549,	'Investimento',	100.00,	'Risco',	'Operação',	'2025-09-05 02:30:14',	2),
(3163,	551,	'Retorno',	0.00,	'Risco',	'Operação',	'2025-09-05 02:30:14',	2),
(3164,	552,	'Retorno',	0.00,	'Risco',	'Operação',	'2025-09-05 02:30:14',	2),
(3165,	552,	'Investimento',	100.00,	'Risco',	'Operação',	'2025-09-05 02:30:14',	2),
(3166,	553,	'Investimento',	100.00,	'Risco',	'Operação',	'2025-09-05 02:30:14',	2),
(3167,	553,	'Retorno',	0.00,	'Risco',	'Operação',	'2025-09-05 02:30:14',	2),
(3168,	741,	'Investimento',	200.00,	'Risco',	'Operação',	'2025-09-05 02:30:14',	2),
(3169,	741,	'Retorno',	0.00,	'Risco',	'Operação',	'2025-09-05 02:30:14',	2),
(3178,	741,	'Retorno',	0.00,	'Risco',	'Operação',	'2025-09-05 02:42:34',	2),
(3179,	741,	'Investimento',	100.00,	'Risco',	'Operação',	'2025-09-05 02:42:34',	2),
(3228,	733,	'Investimento',	100.00,	'Erro',	'Operação',	'2025-09-05 20:02:43',	14),
(3229,	733,	'Retorno',	325.00,	'Erro',	'Operação',	'2025-09-05 20:02:43',	14),
(3238,	733,	'Investimento',	100.00,	'Bingo',	'Operação',	'2025-09-05 20:35:55',	14),
(3239,	733,	'Retorno',	0.00,	'Bingo',	'Operação',	'2025-09-05 20:35:55',	14),
(3240,	733,	'Retorno',	300.00,	'Finalização Times',	'Operação',	'2025-09-05 20:36:11',	14),
(3241,	733,	'Investimento',	200.00,	'Finalização Times',	'Operação',	'2025-09-05 20:36:11',	14),
(3242,	549,	'Investimento',	300.00,	'Erro',	'Operação',	'2025-09-05 20:41:44',	2),
(3243,	553,	'Retorno',	825.00,	'Erro',	'Operação',	'2025-09-05 20:41:44',	2),
(3244,	549,	'Retorno',	825.00,	'Erro',	'Operação',	'2025-09-05 20:41:44',	2),
(3245,	553,	'Investimento',	300.00,	'Erro',	'Operação',	'2025-09-05 20:41:44',	2),
(3246,	551,	'Investimento',	300.00,	'Erro',	'Operação',	'2025-09-05 20:41:44',	2),
(3247,	552,	'Investimento',	400.00,	'Erro',	'Operação',	'2025-09-05 20:41:44',	2),
(3248,	551,	'Retorno',	825.00,	'Erro',	'Operação',	'2025-09-05 20:41:44',	2),
(3249,	552,	'Retorno',	1100.00,	'Erro',	'Operação',	'2025-09-05 20:41:44',	2),
(3250,	553,	'Investimento',	20.57,	'Bingo',	'Operação',	'2025-09-05 20:43:02',	2),
(3251,	552,	'Retorno',	0.00,	'Bingo',	'Operação',	'2025-09-05 20:43:02',	2),
(3252,	549,	'Retorno',	0.00,	'Bingo',	'Operação',	'2025-09-05 20:43:02',	2),
(3253,	551,	'Investimento',	80.57,	'Bingo',	'Operação',	'2025-09-05 20:43:02',	2),
(3254,	551,	'Retorno',	0.00,	'Bingo',	'Operação',	'2025-09-05 20:43:02',	2),
(3255,	552,	'Investimento',	84.84,	'Bingo',	'Operação',	'2025-09-05 20:43:02',	2),
(3256,	553,	'Retorno',	0.00,	'Bingo',	'Operação',	'2025-09-05 20:43:02',	2),
(3257,	549,	'Investimento',	20.57,	'Bingo',	'Operação',	'2025-09-05 20:43:02',	2),
(3258,	749,	'Investimento',	500.00,	'Erro',	'Operação',	'2025-09-05 20:45:28',	2),
(3259,	749,	'Retorno',	1774.00,	'Erro',	'Operação',	'2025-09-05 20:45:28',	2),
(3270,	551,	'Investimento',	25.00,	'Risco',	'Operação',	'2025-09-06 12:08:00',	2),
(3271,	551,	'Retorno',	50.00,	'Risco',	'Operação',	'2025-09-06 12:08:00',	2),
(3272,	553,	'Retorno',	50.00,	'Risco',	'Operação',	'2025-09-06 12:08:00',	2),
(3273,	553,	'Investimento',	25.00,	'Risco',	'Operação',	'2025-09-06 12:08:00',	2),
(3274,	549,	'Investimento',	25.00,	'Risco',	'Operação',	'2025-09-06 12:08:44',	2),
(3275,	549,	'Retorno',	0.00,	'Risco',	'Operação',	'2025-09-06 12:08:44',	2),
(3276,	551,	'Investimento',	50.00,	'Risco',	'Operação',	'2025-09-06 12:08:44',	2),
(3277,	551,	'Retorno',	0.00,	'Risco',	'Operação',	'2025-09-06 12:08:44',	2),
(3278,	553,	'Retorno',	0.00,	'Risco',	'Operação',	'2025-09-06 12:08:44',	2),
(3279,	552,	'Retorno',	0.00,	'Risco',	'Operação',	'2025-09-06 12:08:44',	2),
(3280,	553,	'Investimento',	50.00,	'Risco',	'Operação',	'2025-09-06 12:08:44',	2),
(3281,	552,	'Investimento',	100.00,	'Risco',	'Operação',	'2025-09-06 12:08:44',	2),
(3398,	549,	'Retorno',	1209.12,	'Duvidosa',	'Operação',	'2025-09-07 04:37:37',	2),
(3399,	549,	'Investimento',	509.10,	'Duvidosa',	'Operação',	'2025-09-07 04:37:37',	2),
(3400,	553,	'Investimento',	509.10,	'Duvidosa',	'Operação',	'2025-09-07 04:37:38',	2),
(3401,	553,	'Retorno',	1209.12,	'Duvidosa',	'Operação',	'2025-09-07 04:37:38',	2),
(3402,	551,	'Retorno',	1209.12,	'Duvidosa',	'Operação',	'2025-09-07 04:37:38',	2),
(3403,	551,	'Investimento',	509.10,	'Duvidosa',	'Operação',	'2025-09-07 04:37:38',	2),
(3404,	549,	'Retorno',	0.00,	'Risco',	'Operação',	'2025-09-07 04:41:01',	2),
(3405,	549,	'Investimento',	290.90,	'Risco',	'Operação',	'2025-09-07 04:41:01',	2),
(3406,	551,	'Retorno',	0.00,	'Risco',	'Operação',	'2025-09-07 04:42:13',	2),
(3407,	551,	'Investimento',	90.90,	'Risco',	'Operação',	'2025-09-07 04:42:13',	2),
(3408,	553,	'Investimento',	90.90,	'Risco',	'Operação',	'2025-09-07 04:43:09',	2),
(3409,	553,	'Retorno',	0.00,	'Risco',	'Operação',	'2025-09-07 04:43:09',	2),
(3419,	733,	'Retorno',	0.00,	'Duvidosa',	'Operação',	'2025-09-07 17:14:39',	14),
(3420,	733,	'Investimento',	100.00,	'Duvidosa',	'Operação',	'2025-09-07 17:14:39',	14),
(3421,	733,	'Investimento',	50.00,	'Bingo',	'Operação',	'2025-09-07 17:14:46',	14),
(3422,	733,	'Retorno',	0.00,	'Bingo',	'Operação',	'2025-09-07 17:14:46',	14),
(3423,	733,	'Retorno',	200.00,	'Erro',	'Operação',	'2025-09-07 17:27:20',	14),
(3424,	733,	'Investimento',	50.00,	'Erro',	'Operação',	'2025-09-07 17:27:20',	14),
(3427,	733,	'Investimento',	50.00,	'Finalização Times',	'Operação',	'2025-09-07 17:53:00',	14),
(3428,	733,	'Retorno',	0.00,	'Finalização Times',	'Operação',	'2025-09-07 17:53:00',	14),
(3515,	779,	'Investimento',	100.00,	'Duvidosa',	'Operação',	'2025-09-09 18:01:48',	2),
(3516,	779,	'Retorno',	275.00,	'Duvidosa',	'Operação',	'2025-09-09 18:01:48',	2),
(3517,	778,	'Retorno',	275.00,	'Duvidosa',	'Operação',	'2025-09-09 18:01:48',	2),
(3518,	549,	'Retorno',	192.00,	'Duvidosa',	'Operação',	'2025-09-09 18:01:48',	2),
(3519,	549,	'Investimento',	70.00,	'Duvidosa',	'Operação',	'2025-09-09 18:01:48',	2),
(3520,	550,	'Retorno',	275.00,	'Duvidosa',	'Operação',	'2025-09-09 18:01:48',	2),
(3521,	551,	'Retorno',	176.00,	'Duvidosa',	'Operação',	'2025-09-09 18:01:48',	2),
(3522,	778,	'Investimento',	100.00,	'Duvidosa',	'Operação',	'2025-09-09 18:01:48',	2),
(3523,	550,	'Investimento',	100.00,	'Duvidosa',	'Operação',	'2025-09-09 18:01:48',	2),
(3524,	553,	'Investimento',	100.00,	'Duvidosa',	'Operação',	'2025-09-09 18:01:48',	2),
(3525,	551,	'Investimento',	64.00,	'Duvidosa',	'Operação',	'2025-09-09 18:01:48',	2),
(3526,	553,	'Retorno',	275.00,	'Duvidosa',	'Operação',	'2025-09-09 18:01:48',	2),
(3614,	550,	'Retorno',	0.00,	'Finalização Times',	'Operação',	'2025-09-10 14:49:21',	2),
(3615,	550,	'Investimento',	375.00,	'Finalização Times',	'Operação',	'2025-09-10 14:49:21',	2),
(3616,	553,	'Retorno',	210.00,	'Erro',	'Operação',	'2025-09-10 14:50:43',	2),
(3617,	549,	'Investimento',	100.00,	'Erro',	'Operação',	'2025-09-10 14:50:43',	2),
(3618,	553,	'Investimento',	100.00,	'Erro',	'Operação',	'2025-09-10 14:50:43',	2),
(3619,	778,	'Retorno',	210.00,	'Erro',	'Operação',	'2025-09-10 14:50:43',	2),
(3620,	778,	'Investimento',	100.00,	'Erro',	'Operação',	'2025-09-10 14:50:43',	2),
(3621,	549,	'Retorno',	210.00,	'Erro',	'Operação',	'2025-09-10 14:50:43',	2),
(3622,	779,	'Retorno',	210.00,	'Erro',	'Operação',	'2025-09-10 14:50:43',	2),
(3623,	779,	'Investimento',	100.00,	'Erro',	'Operação',	'2025-09-10 14:50:43',	2),
(3624,	553,	'Investimento',	560.00,	'Erro',	'Operação',	'2025-09-10 14:52:22',	2),
(3625,	778,	'Retorno',	0.00,	'Erro',	'Operação',	'2025-09-10 14:52:22',	2),
(3626,	778,	'Investimento',	585.00,	'Erro',	'Operação',	'2025-09-10 14:52:22',	2),
(3627,	549,	'Investimento',	302.00,	'Erro',	'Operação',	'2025-09-10 14:52:22',	2),
(3628,	549,	'Retorno',	0.00,	'Erro',	'Operação',	'2025-09-10 14:52:22',	2),
(3629,	779,	'Retorno',	0.00,	'Erro',	'Operação',	'2025-09-10 14:52:22',	2),
(3630,	553,	'Retorno',	0.00,	'Erro',	'Operação',	'2025-09-10 14:52:22',	2),
(3631,	779,	'Investimento',	585.00,	'Erro',	'Operação',	'2025-09-10 14:52:22',	2),
(3632,	551,	'Investimento',	176.00,	'Erro',	'Operação',	'2025-09-10 14:52:58',	2),
(3633,	551,	'Retorno',	0.00,	'Erro',	'Operação',	'2025-09-10 14:52:58',	2),
(3698,	550,	'Investimento',	70.00,	'Risco',	'Operação',	'2025-09-11 02:30:59',	2),
(3699,	550,	'Retorno',	0.00,	'Risco',	'Operação',	'2025-09-11 02:30:59',	2),
(3700,	778,	'Investimento',	70.00,	'Risco',	'Operação',	'2025-09-11 02:30:59',	2),
(3701,	778,	'Retorno',	0.00,	'Risco',	'Operação',	'2025-09-11 02:30:59',	2),
(3702,	791,	'Investimento',	70.00,	'Risco',	'Operação',	'2025-09-11 02:30:59',	2),
(3703,	779,	'Retorno',	0.00,	'Risco',	'Operação',	'2025-09-11 02:30:59',	2),
(3704,	791,	'Retorno',	0.00,	'Risco',	'Operação',	'2025-09-11 02:30:59',	2),
(3705,	779,	'Investimento',	70.00,	'Risco',	'Operação',	'2025-09-11 02:30:59',	2),
(3859,	814,	'Investimento',	500.00,	'Erro',	'Operação',	'2025-09-13 21:26:12',	2),
(3860,	814,	'Retorno',	1275.00,	'Erro',	'Operação',	'2025-09-13 21:26:12',	2),
(3865,	817,	'Investimento',	500.00,	'Erro',	'Operação',	'2025-09-13 21:28:42',	2),
(3866,	817,	'Retorno',	1625.00,	'Erro',	'Operação',	'2025-09-13 21:28:42',	2),
(3943,	839,	'Retorno',	580.00,	'Erro',	'Operação',	'2025-09-14 22:37:27',	2),
(3944,	839,	'Investimento',	200.00,	'Erro',	'Operação',	'2025-09-14 22:37:27',	2),
(3945,	839,	'Investimento',	100.00,	'Duvidosa',	'Operação',	'2025-09-14 22:37:55',	2),
(3946,	839,	'Retorno',	68.19,	'Duvidosa',	'Operação',	'2025-09-14 22:37:55',	2),
(3947,	549,	'Investimento',	100.00,	'Erro',	'Operação',	'2025-09-14 22:39:09',	2),
(3948,	552,	'Retorno',	166.67,	'Erro',	'Operação',	'2025-09-14 22:39:09',	2),
(3949,	553,	'Investimento',	100.00,	'Erro',	'Operação',	'2025-09-14 22:39:09',	2),
(3950,	551,	'Investimento',	100.00,	'Erro',	'Operação',	'2025-09-14 22:39:09',	2),
(3951,	839,	'Investimento',	100.00,	'Erro',	'Operação',	'2025-09-14 22:39:09',	2),
(3952,	839,	'Retorno',	166.67,	'Erro',	'Operação',	'2025-09-14 22:39:09',	2),
(3953,	549,	'Retorno',	166.67,	'Erro',	'Operação',	'2025-09-14 22:39:09',	2),
(3954,	553,	'Retorno',	166.67,	'Erro',	'Operação',	'2025-09-14 22:39:09',	2),
(3955,	552,	'Investimento',	100.00,	'Erro',	'Operação',	'2025-09-14 22:39:09',	2),
(3956,	551,	'Retorno',	166.67,	'Erro',	'Operação',	'2025-09-14 22:39:09',	2),
(3957,	549,	'Investimento',	100.00,	'Risco',	'Operação',	'2025-09-14 22:40:20',	2),
(3958,	553,	'Investimento',	100.00,	'Risco',	'Operação',	'2025-09-14 22:40:20',	2),
(3959,	839,	'Retorno',	138.89,	'Risco',	'Operação',	'2025-09-14 22:40:20',	2),
(3960,	551,	'Investimento',	100.00,	'Risco',	'Operação',	'2025-09-14 22:40:20',	2),
(3961,	839,	'Investimento',	100.00,	'Risco',	'Operação',	'2025-09-14 22:40:20',	2),
(3962,	552,	'Investimento',	100.00,	'Risco',	'Operação',	'2025-09-14 22:40:20',	2),
(3963,	552,	'Retorno',	152.78,	'Risco',	'Operação',	'2025-09-14 22:40:20',	2),
(3964,	551,	'Retorno',	152.78,	'Risco',	'Operação',	'2025-09-14 22:40:20',	2),
(3965,	549,	'Retorno',	152.78,	'Risco',	'Operação',	'2025-09-14 22:40:20',	2),
(3966,	553,	'Retorno',	152.78,	'Risco',	'Operação',	'2025-09-14 22:40:20',	2),
(3969,	549,	'Investimento',	947.00,	'Erro',	'Operação',	'2025-09-14 22:46:16',	2),
(3970,	553,	'Investimento',	946.00,	'Erro',	'Operação',	'2025-09-14 22:46:16',	2),
(3971,	553,	'Retorno',	894.34,	'Erro',	'Operação',	'2025-09-14 22:46:16',	2),
(3972,	552,	'Retorno',	893.34,	'Erro',	'Operação',	'2025-09-14 22:46:16',	2),
(3973,	549,	'Retorno',	894.29,	'Erro',	'Operação',	'2025-09-14 22:46:16',	2),
(3974,	551,	'Investimento',	946.00,	'Erro',	'Operação',	'2025-09-14 22:46:16',	2),
(3975,	552,	'Investimento',	946.00,	'Erro',	'Operação',	'2025-09-14 22:46:16',	2),
(3976,	551,	'Retorno',	893.33,	'Erro',	'Operação',	'2025-09-14 22:46:16',	2),
(3977,	549,	'Investimento',	77.00,	'Duvidosa',	'Operação',	'2025-09-14 22:48:56',	2),
(3978,	551,	'Retorno',	159.60,	'Duvidosa',	'Operação',	'2025-09-14 22:48:56',	2),
(3979,	552,	'Investimento',	76.00,	'Duvidosa',	'Operação',	'2025-09-14 22:48:56',	2),
(3980,	553,	'Retorno',	159.60,	'Duvidosa',	'Operação',	'2025-09-14 22:48:56',	2),
(3981,	552,	'Retorno',	159.60,	'Duvidosa',	'Operação',	'2025-09-14 22:48:56',	2),
(3982,	553,	'Investimento',	76.00,	'Duvidosa',	'Operação',	'2025-09-14 22:48:56',	2),
(3983,	551,	'Investimento',	76.00,	'Duvidosa',	'Operação',	'2025-09-14 22:48:56',	2),
(3984,	549,	'Retorno',	161.70,	'Duvidosa',	'Operação',	'2025-09-14 22:48:56',	2),
(3985,	549,	'Investimento',	100.00,	'Duvidosa',	'Operação',	'2025-09-14 22:50:49',	2),
(3986,	553,	'Retorno',	419.05,	'Duvidosa',	'Operação',	'2025-09-14 22:50:49',	2),
(3987,	551,	'Retorno',	419.05,	'Duvidosa',	'Operação',	'2025-09-14 22:50:49',	2),
(3988,	552,	'Retorno',	419.05,	'Duvidosa',	'Operação',	'2025-09-14 22:50:49',	2),
(3989,	552,	'Investimento',	100.00,	'Duvidosa',	'Operação',	'2025-09-14 22:50:49',	2),
(3990,	553,	'Investimento',	100.00,	'Duvidosa',	'Operação',	'2025-09-14 22:50:49',	2),
(3991,	549,	'Retorno',	419.05,	'Duvidosa',	'Operação',	'2025-09-14 22:50:49',	2),
(3992,	551,	'Investimento',	100.00,	'Duvidosa',	'Operação',	'2025-09-14 22:50:49',	2),
(3993,	549,	'Investimento',	100.00,	'Duvidosa',	'Operação',	'2025-09-14 22:51:28',	2),
(3994,	551,	'Investimento',	100.00,	'Duvidosa',	'Operação',	'2025-09-14 22:51:28',	2),
(3995,	549,	'Retorno',	366.67,	'Duvidosa',	'Operação',	'2025-09-14 22:51:28',	2),
(3996,	551,	'Retorno',	366.67,	'Duvidosa',	'Operação',	'2025-09-14 22:51:28',	2),
(3997,	552,	'Investimento',	100.00,	'Duvidosa',	'Operação',	'2025-09-14 22:51:28',	2),
(3998,	552,	'Retorno',	366.67,	'Duvidosa',	'Operação',	'2025-09-14 22:51:28',	2),
(3999,	553,	'Retorno',	366.67,	'Duvidosa',	'Operação',	'2025-09-14 22:51:28',	2),
(4000,	553,	'Investimento',	100.00,	'Duvidosa',	'Operação',	'2025-09-14 22:51:28',	2),
(4001,	549,	'Retorno',	76.77,	'Risco',	'Operação',	'2025-09-14 22:52:08',	2),
(4002,	549,	'Investimento',	100.00,	'Risco',	'Operação',	'2025-09-14 22:52:08',	2),
(4003,	551,	'Investimento',	100.00,	'Risco',	'Operação',	'2025-09-14 22:52:08',	2),
(4004,	551,	'Retorno',	76.77,	'Risco',	'Operação',	'2025-09-14 22:52:08',	2),
(4005,	552,	'Investimento',	100.00,	'Risco',	'Operação',	'2025-09-14 22:52:08',	2),
(4006,	552,	'Retorno',	76.77,	'Risco',	'Operação',	'2025-09-14 22:52:08',	2),
(4007,	553,	'Investimento',	100.00,	'Risco',	'Operação',	'2025-09-14 22:52:08',	2),
(4008,	553,	'Retorno',	76.77,	'Risco',	'Operação',	'2025-09-14 22:52:08',	2),
(4009,	550,	'Investimento',	400.00,	'Erro',	'Operação',	'2025-09-14 23:07:44',	2),
(4010,	778,	'Retorno',	1017.00,	'Erro',	'Operação',	'2025-09-14 23:07:44',	2),
(4011,	778,	'Investimento',	400.00,	'Erro',	'Operação',	'2025-09-14 23:07:44',	2),
(4012,	550,	'Retorno',	1017.00,	'Erro',	'Operação',	'2025-09-14 23:07:44',	2),
(4013,	779,	'Retorno',	1017.00,	'Erro',	'Operação',	'2025-09-14 23:07:44',	2),
(4014,	779,	'Investimento',	400.00,	'Erro',	'Operação',	'2025-09-14 23:07:44',	2),
(4015,	840,	'Investimento',	649.00,	'Erro',	'Operação',	'2025-09-14 23:07:44',	2),
(4016,	840,	'Retorno',	1654.40,	'Erro',	'Operação',	'2025-09-14 23:07:44',	2),
(4017,	550,	'Investimento',	100.00,	'Finalização Times',	'Operação',	'2025-09-14 23:10:40',	2),
(4018,	779,	'Retorno',	180.00,	'Finalização Times',	'Operação',	'2025-09-14 23:10:40',	2),
(4019,	791,	'Investimento',	100.00,	'Finalização Times',	'Operação',	'2025-09-14 23:10:40',	2),
(4020,	791,	'Retorno',	94.29,	'Finalização Times',	'Operação',	'2025-09-14 23:10:40',	2),
(4021,	778,	'Investimento',	100.00,	'Finalização Times',	'Operação',	'2025-09-14 23:10:40',	2),
(4022,	550,	'Retorno',	180.00,	'Finalização Times',	'Operação',	'2025-09-14 23:10:40',	2),
(4023,	840,	'Investimento',	100.00,	'Finalização Times',	'Operação',	'2025-09-14 23:10:40',	2),
(4024,	779,	'Investimento',	100.00,	'Finalização Times',	'Operação',	'2025-09-14 23:10:40',	2),
(4025,	840,	'Retorno',	180.00,	'Finalização Times',	'Operação',	'2025-09-14 23:10:40',	2),
(4026,	778,	'Retorno',	180.00,	'Finalização Times',	'Operação',	'2025-09-14 23:10:40',	2),
(4027,	550,	'Investimento',	100.00,	'Erro',	'Operação',	'2025-09-14 23:11:35',	2),
(4028,	550,	'Retorno',	161.54,	'Erro',	'Operação',	'2025-09-14 23:11:35',	2),
(4029,	778,	'Retorno',	161.54,	'Erro',	'Operação',	'2025-09-14 23:11:35',	2),
(4030,	778,	'Investimento',	100.00,	'Erro',	'Operação',	'2025-09-14 23:11:35',	2),
(4031,	779,	'Investimento',	100.00,	'Erro',	'Operação',	'2025-09-14 23:11:35',	2),
(4032,	791,	'Investimento',	100.00,	'Erro',	'Operação',	'2025-09-14 23:11:35',	2),
(4033,	779,	'Retorno',	161.54,	'Erro',	'Operação',	'2025-09-14 23:11:35',	2),
(4034,	791,	'Retorno',	161.54,	'Erro',	'Operação',	'2025-09-14 23:11:35',	2),
(4035,	840,	'Investimento',	100.00,	'Erro',	'Operação',	'2025-09-14 23:11:35',	2),
(4036,	840,	'Retorno',	161.54,	'Erro',	'Operação',	'2025-09-14 23:11:35',	2),
(4037,	550,	'Investimento',	100.00,	'Erro',	'Operação',	'2025-09-14 23:12:05',	2),
(4038,	550,	'Retorno',	161.54,	'Erro',	'Operação',	'2025-09-14 23:12:05',	2),
(4039,	778,	'Investimento',	100.00,	'Erro',	'Operação',	'2025-09-14 23:12:05',	2),
(4040,	778,	'Retorno',	161.54,	'Erro',	'Operação',	'2025-09-14 23:12:05',	2),
(4041,	779,	'Investimento',	100.00,	'Erro',	'Operação',	'2025-09-14 23:12:05',	2),
(4042,	791,	'Investimento',	100.00,	'Erro',	'Operação',	'2025-09-14 23:12:05',	2),
(4043,	779,	'Retorno',	161.54,	'Erro',	'Operação',	'2025-09-14 23:12:05',	2),
(4044,	791,	'Retorno',	161.54,	'Erro',	'Operação',	'2025-09-14 23:12:05',	2),
(4045,	840,	'Retorno',	161.54,	'Erro',	'Operação',	'2025-09-14 23:12:05',	2),
(4046,	840,	'Investimento',	100.00,	'Erro',	'Operação',	'2025-09-14 23:12:05',	2),
(4047,	550,	'Investimento',	83.00,	'Erro',	'Operação',	'2025-09-14 23:13:36',	2),
(4048,	778,	'Investimento',	82.00,	'Erro',	'Operação',	'2025-09-14 23:13:36',	2),
(4049,	550,	'Retorno',	217.88,	'Erro',	'Operação',	'2025-09-14 23:13:36',	2),
(4050,	778,	'Retorno',	215.25,	'Erro',	'Operação',	'2025-09-14 23:13:36',	2),
(4051,	779,	'Investimento',	82.00,	'Erro',	'Operação',	'2025-09-14 23:13:36',	2),
(4052,	791,	'Investimento',	100.00,	'Erro',	'Operação',	'2025-09-14 23:13:36',	2),
(4053,	779,	'Retorno',	215.25,	'Erro',	'Operação',	'2025-09-14 23:13:36',	2),
(4054,	791,	'Retorno',	262.50,	'Erro',	'Operação',	'2025-09-14 23:13:36',	2),
(4055,	840,	'Investimento',	100.00,	'Erro',	'Operação',	'2025-09-14 23:13:36',	2),
(4056,	840,	'Retorno',	262.50,	'Erro',	'Operação',	'2025-09-14 23:13:36',	2),
(4057,	550,	'Investimento',	100.00,	'Duvidosa',	'Operação',	'2025-09-14 23:16:01',	2),
(4058,	778,	'Investimento',	100.00,	'Duvidosa',	'Operação',	'2025-09-14 23:16:01',	2),
(4059,	779,	'Investimento',	100.00,	'Duvidosa',	'Operação',	'2025-09-14 23:16:01',	2),
(4060,	779,	'Retorno',	81.49,	'Duvidosa',	'Operação',	'2025-09-14 23:16:01',	2),
(4061,	791,	'Retorno',	81.49,	'Duvidosa',	'Operação',	'2025-09-14 23:16:01',	2),
(4062,	550,	'Retorno',	81.49,	'Duvidosa',	'Operação',	'2025-09-14 23:16:01',	2),
(4063,	778,	'Retorno',	81.50,	'Duvidosa',	'Operação',	'2025-09-14 23:16:01',	2),
(4064,	840,	'Investimento',	100.00,	'Duvidosa',	'Operação',	'2025-09-14 23:16:01',	2),
(4065,	791,	'Investimento',	100.00,	'Duvidosa',	'Operação',	'2025-09-14 23:16:01',	2),
(4066,	840,	'Retorno',	81.49,	'Duvidosa',	'Operação',	'2025-09-14 23:16:01',	2),
(4067,	791,	'Investimento',	100.00,	'Erro',	'Operação',	'2025-09-14 23:16:29',	2),
(4068,	791,	'Retorno',	433.34,	'Erro',	'Operação',	'2025-09-14 23:16:29',	2),
(4069,	550,	'Investimento',	300.00,	'Erro',	'Operação',	'2025-09-14 23:18:46',	2),
(4070,	550,	'Retorno',	0.00,	'Erro',	'Operação',	'2025-09-14 23:18:46',	2),
(4071,	778,	'Retorno',	0.00,	'Erro',	'Operação',	'2025-09-14 23:18:46',	2),
(4072,	779,	'Investimento',	300.00,	'Erro',	'Operação',	'2025-09-14 23:18:46',	2),
(4073,	778,	'Investimento',	300.00,	'Erro',	'Operação',	'2025-09-14 23:18:46',	2),
(4074,	779,	'Retorno',	0.00,	'Erro',	'Operação',	'2025-09-14 23:18:46',	2),
(4075,	791,	'Retorno',	0.00,	'Erro',	'Operação',	'2025-09-14 23:18:46',	2),
(4076,	791,	'Investimento',	300.00,	'Erro',	'Operação',	'2025-09-14 23:18:46',	2),
(4077,	840,	'Investimento',	300.00,	'Erro',	'Operação',	'2025-09-14 23:18:46',	2),
(4078,	840,	'Retorno',	0.00,	'Erro',	'Operação',	'2025-09-14 23:18:46',	2),
(4079,	550,	'Investimento',	100.00,	'Finalização Times',	'Operação',	'2025-09-14 23:19:34',	2),
(4080,	550,	'Retorno',	104.77,	'Finalização Times',	'Operação',	'2025-09-14 23:19:34',	2),
(4081,	778,	'Investimento',	100.00,	'Finalização Times',	'Operação',	'2025-09-14 23:19:34',	2),
(4082,	778,	'Retorno',	104.77,	'Finalização Times',	'Operação',	'2025-09-14 23:19:34',	2),
(4083,	779,	'Investimento',	100.00,	'Finalização Times',	'Operação',	'2025-09-14 23:19:34',	2),
(4084,	779,	'Retorno',	104.77,	'Finalização Times',	'Operação',	'2025-09-14 23:19:34',	2),
(4085,	791,	'Investimento',	100.00,	'Finalização Times',	'Operação',	'2025-09-14 23:19:34',	2),
(4086,	791,	'Retorno',	104.77,	'Finalização Times',	'Operação',	'2025-09-14 23:19:34',	2),
(4087,	840,	'Investimento',	100.00,	'Finalização Times',	'Operação',	'2025-09-14 23:19:34',	2),
(4088,	840,	'Retorno',	104.77,	'Finalização Times',	'Operação',	'2025-09-14 23:19:34',	2),
(4089,	550,	'Investimento',	122.00,	'Erro',	'Operação',	'2025-09-14 23:22:40',	2),
(4090,	550,	'Retorno',	396.50,	'Erro',	'Operação',	'2025-09-14 23:22:40',	2),
(4091,	778,	'Retorno',	396.50,	'Erro',	'Operação',	'2025-09-14 23:22:40',	2),
(4092,	778,	'Investimento',	122.00,	'Erro',	'Operação',	'2025-09-14 23:22:40',	2),
(4093,	779,	'Investimento',	122.00,	'Erro',	'Operação',	'2025-09-14 23:22:40',	2),
(4094,	779,	'Retorno',	396.50,	'Erro',	'Operação',	'2025-09-14 23:22:40',	2),
(4095,	791,	'Retorno',	793.00,	'Erro',	'Operação',	'2025-09-14 23:22:40',	2),
(4096,	791,	'Investimento',	244.00,	'Erro',	'Operação',	'2025-09-14 23:22:40',	2),
(4097,	840,	'Investimento',	210.00,	'Erro',	'Operação',	'2025-09-14 23:22:40',	2),
(4098,	840,	'Retorno',	682.50,	'Erro',	'Operação',	'2025-09-14 23:22:40',	2),
(4111,	550,	'Investimento',	140.00,	'Duvidosa',	'Operação',	'2025-09-15 01:46:59',	2),
(4112,	778,	'Investimento',	141.00,	'Duvidosa',	'Operação',	'2025-09-15 01:46:59',	2),
(4113,	550,	'Retorno',	121.34,	'Duvidosa',	'Operação',	'2025-09-15 01:46:59',	2),
(4114,	778,	'Retorno',	122.20,	'Duvidosa',	'Operação',	'2025-09-15 01:46:59',	2),
(4115,	779,	'Retorno',	121.34,	'Duvidosa',	'Operação',	'2025-09-15 01:46:59',	2),
(4116,	791,	'Investimento',	140.00,	'Duvidosa',	'Operação',	'2025-09-15 01:46:59',	2),
(4117,	779,	'Investimento',	140.00,	'Duvidosa',	'Operação',	'2025-09-15 01:46:59',	2),
(4118,	791,	'Retorno',	121.34,	'Duvidosa',	'Operação',	'2025-09-15 01:46:59',	2),
(4119,	840,	'Investimento',	243.00,	'Duvidosa',	'Operação',	'2025-09-15 01:46:59',	2),
(4120,	840,	'Retorno',	210.60,	'Duvidosa',	'Operação',	'2025-09-15 01:46:59',	2),
(4121,	791,	'Retorno',	840.00,	'Erro',	'Operação',	'2025-09-15 01:47:50',	2),
(4122,	791,	'Investimento',	140.00,	'Erro',	'Operação',	'2025-09-15 01:47:50',	2),
(4123,	550,	'Retorno',	133.34,	'Duvidosa',	'Operação',	'2025-09-15 01:49:18',	2),
(4124,	778,	'Retorno',	133.34,	'Duvidosa',	'Operação',	'2025-09-15 01:49:18',	2),
(4125,	779,	'Retorno',	133.34,	'Duvidosa',	'Operação',	'2025-09-15 01:49:18',	2),
(4126,	778,	'Investimento',	200.00,	'Duvidosa',	'Operação',	'2025-09-15 01:49:18',	2),
(4127,	840,	'Investimento',	200.00,	'Duvidosa',	'Operação',	'2025-09-15 01:49:18',	2),
(4128,	779,	'Investimento',	200.00,	'Duvidosa',	'Operação',	'2025-09-15 01:49:18',	2),
(4129,	791,	'Investimento',	200.00,	'Duvidosa',	'Operação',	'2025-09-15 01:49:18',	2),
(4130,	791,	'Retorno',	133.34,	'Duvidosa',	'Operação',	'2025-09-15 01:49:18',	2),
(4131,	840,	'Retorno',	133.34,	'Duvidosa',	'Operação',	'2025-09-15 01:49:18',	2),
(4132,	550,	'Investimento',	200.00,	'Duvidosa',	'Operação',	'2025-09-15 01:49:18',	2),
(4133,	840,	'Investimento',	100.00,	'Duvidosa',	'Operação',	'2025-09-15 01:49:50',	2),
(4134,	840,	'Retorno',	72.23,	'Duvidosa',	'Operação',	'2025-09-15 01:49:50',	2),
(4135,	550,	'Investimento',	100.00,	'Duvidosa',	'Operação',	'2025-09-15 01:51:13',	2),
(4136,	778,	'Investimento',	100.00,	'Duvidosa',	'Operação',	'2025-09-15 01:51:13',	2),
(4137,	550,	'Retorno',	80.77,	'Duvidosa',	'Operação',	'2025-09-15 01:51:13',	2),
(4138,	778,	'Retorno',	80.77,	'Duvidosa',	'Operação',	'2025-09-15 01:51:13',	2),
(4139,	791,	'Investimento',	100.00,	'Duvidosa',	'Operação',	'2025-09-15 01:51:13',	2),
(4140,	840,	'Retorno',	80.77,	'Duvidosa',	'Operação',	'2025-09-15 01:51:13',	2),
(4141,	779,	'Retorno',	80.77,	'Duvidosa',	'Operação',	'2025-09-15 01:51:13',	2),
(4142,	791,	'Retorno',	80.77,	'Duvidosa',	'Operação',	'2025-09-15 01:51:13',	2),
(4143,	840,	'Investimento',	100.00,	'Duvidosa',	'Operação',	'2025-09-15 01:51:13',	2),
(4144,	779,	'Investimento',	100.00,	'Duvidosa',	'Operação',	'2025-09-15 01:51:13',	2),
(4145,	550,	'Investimento',	200.00,	'Duvidosa',	'Operação',	'2025-09-15 01:52:23',	2),
(4146,	550,	'Retorno',	166.68,	'Duvidosa',	'Operação',	'2025-09-15 01:52:23',	2),
(4147,	779,	'Investimento',	200.00,	'Duvidosa',	'Operação',	'2025-09-15 01:52:23',	2),
(4148,	778,	'Investimento',	200.00,	'Duvidosa',	'Operação',	'2025-09-15 01:52:23',	2),
(4149,	778,	'Retorno',	166.68,	'Duvidosa',	'Operação',	'2025-09-15 01:52:23',	2),
(4150,	779,	'Retorno',	166.68,	'Duvidosa',	'Operação',	'2025-09-15 01:52:23',	2),
(4151,	791,	'Investimento',	200.00,	'Duvidosa',	'Operação',	'2025-09-15 01:52:23',	2),
(4152,	840,	'Investimento',	200.00,	'Duvidosa',	'Operação',	'2025-09-15 01:52:23',	2),
(4153,	791,	'Retorno',	166.68,	'Duvidosa',	'Operação',	'2025-09-15 01:52:23',	2),
(4154,	840,	'Retorno',	166.68,	'Duvidosa',	'Operação',	'2025-09-15 01:52:23',	2),
(4155,	550,	'Investimento',	100.00,	'Risco',	'Operação',	'2025-09-15 01:53:23',	2),
(4156,	550,	'Retorno',	250.00,	'Risco',	'Operação',	'2025-09-15 01:53:23',	2),
(4157,	778,	'Retorno',	250.00,	'Risco',	'Operação',	'2025-09-15 01:53:23',	2),
(4158,	778,	'Investimento',	100.00,	'Risco',	'Operação',	'2025-09-15 01:53:23',	2),
(4159,	779,	'Investimento',	100.00,	'Risco',	'Operação',	'2025-09-15 01:53:23',	2),
(4160,	779,	'Retorno',	250.00,	'Risco',	'Operação',	'2025-09-15 01:53:23',	2),
(4161,	791,	'Investimento',	100.00,	'Risco',	'Operação',	'2025-09-15 01:53:23',	2),
(4162,	791,	'Retorno',	250.00,	'Risco',	'Operação',	'2025-09-15 01:53:23',	2),
(4163,	840,	'Investimento',	150.00,	'Risco',	'Operação',	'2025-09-15 01:53:23',	2),
(4164,	840,	'Retorno',	375.00,	'Risco',	'Operação',	'2025-09-15 01:53:23',	2),
(4165,	550,	'Investimento',	100.00,	'Risco',	'Operação',	'2025-09-15 01:54:13',	2),
(4166,	550,	'Retorno',	110.00,	'Risco',	'Operação',	'2025-09-15 01:54:13',	2),
(4167,	778,	'Investimento',	100.00,	'Risco',	'Operação',	'2025-09-15 01:54:13',	2),
(4168,	778,	'Retorno',	110.00,	'Risco',	'Operação',	'2025-09-15 01:54:13',	2),
(4169,	779,	'Investimento',	100.00,	'Risco',	'Operação',	'2025-09-15 01:54:13',	2),
(4170,	779,	'Retorno',	110.00,	'Risco',	'Operação',	'2025-09-15 01:54:13',	2),
(4171,	840,	'Investimento',	150.00,	'Risco',	'Operação',	'2025-09-15 01:54:13',	2),
(4172,	791,	'Investimento',	100.00,	'Risco',	'Operação',	'2025-09-15 01:54:13',	2),
(4173,	791,	'Retorno',	110.00,	'Risco',	'Operação',	'2025-09-15 01:54:13',	2),
(4174,	840,	'Retorno',	165.00,	'Risco',	'Operação',	'2025-09-15 01:54:13',	2),
(4175,	847,	'Investimento',	500.00,	'Erro',	'Operação',	'2025-09-15 01:58:04',	2),
(4176,	847,	'Retorno',	1641.35,	'Erro',	'Operação',	'2025-09-15 01:58:04',	2),
(4177,	848,	'Investimento',	500.00,	'Erro',	'Operação',	'2025-09-15 01:59:48',	2),
(4178,	848,	'Retorno',	1275.00,	'Erro',	'Operação',	'2025-09-15 01:59:48',	2);

DROP TABLE IF EXISTS `sessions`;
CREATE TABLE `sessions` (
  `session_id` varchar(128) CHARACTER SET utf8mb4 COLLATE utf8mb4_bin NOT NULL,
  `expires` int unsigned NOT NULL,
  `data` mediumtext CHARACTER SET utf8mb4 COLLATE utf8mb4_bin,
  PRIMARY KEY (`session_id`)
) ENGINE=InnoDB DEFAULT CHARSET=utf8mb4 COLLATE=utf8mb4_0900_ai_ci;

INSERT INTO `sessions` (`session_id`, `expires`, `data`) VALUES
('ZyowTaWSLmkvRo8BRbcprz-a5cep2_z9',	1758741547,	'{\"cookie\":{\"originalMaxAge\":86400000,\"expires\":\"2025-09-24T19:11:11.074Z\",\"secure\":false,\"httpOnly\":true,\"path\":\"/\"},\"user\":{\"id\":2,\"email\":\"jacksonbrito013@gmail.com\",\"tipo_usuario\":\"admin\"}}');

DROP TABLE IF EXISTS `usuarios`;
CREATE TABLE `usuarios` (
  `id` int NOT NULL AUTO_INCREMENT,
  `email` varchar(255) CHARACTER SET utf8mb4 COLLATE utf8mb4_general_ci NOT NULL,
  `senha` varchar(255) CHARACTER SET utf8mb4 COLLATE utf8mb4_general_ci NOT NULL,
  `tipo_usuario` varchar(55) CHARACTER SET utf8mb4 COLLATE utf8mb4_general_ci NOT NULL DEFAULT 'cliente',
  `assinatura_expira_em` date DEFAULT NULL,
  PRIMARY KEY (`id`)
) ENGINE=InnoDB DEFAULT CHARSET=utf8mb4 COLLATE=utf8mb4_general_ci;

INSERT INTO `usuarios` (`id`, `email`, `senha`, `tipo_usuario`, `assinatura_expira_em`) VALUES
(2,	'jacksonbrito013@gmail.com',	'@Jack123',	'admin',	NULL),
(3,	'douglas_b7_19@hotmail.com',	'DOUGLAS123',	'admin',	NULL),
(4,	'jeanpereira368@gmail.com',	'#Hello2015#',	'admin',	NULL),
(10, 'juliocesar_660@hotmial.com',	'Dentao660$',	'admin',	NULL),
(14,	'andrevitor158sa@gmail.com',	'Andre88989890',	'cliente',	'2025-10-22'),
(31,	'guskaxd@gmail.com',	'Silva3000@',	'vitalicio',	NULL);
-- 2025-09-23 19:20:40 UTC
/*
--22/10 andre
mysql -u root -p

DROP DATABASE betcontrol;

CREATE DATABASE betcontrol;

exit;

mysql -u betcontrol -p betcontrol < betcontrol.sql

betcontrol

USE betcontrol;

SHOW TABLES;

exit;

mysqldump -h localhost -u betcontrol -pbetcontrol --no-tablespaces betcontrol > backup.sql

mysqldump -h localhost -u root -pbetcontrol --no-tablespaces betcontrol > backup1.sql
*/
-- 2025-09-23 18:17:01 UTC
